chanel,link,date,text
@aviasales,https://t.me/aviasales/8623,2024-01-20 09:52:19,"–£ –±–µ—Ä–µ–≥–æ–≤ –¢–∞–∏–ª–∞–Ω–¥–∞, –Ω–µ–¥–∞–ª–µ–∫–æ –æ—Ç –æ—Å—Ç—Ä–æ–≤–∞ –ö–æ—Ö –ö–µ–π, —Ç—É—Ä–∏—Å—Ç—ã —É–≤–∏–¥–µ–ª–∏ –∫–∏—Ç–∞-–∞–ª—å–±–∏–Ω–æ—Å–∞. 
 
–í—Å–µ–≥–æ –∫–∏—Ç–æ–≤ –±—ã–ª–∞ –¥–≤–∞. –≠—Ç–æ—Ç –≤–∏–¥ –Ω–∞–∑—ã–≤–∞–µ—Ç—Å—è –ø–æ–ª–æ—Å–∞—Ç–∏–∫ –û–º—É—Ä—ã, –∏ –æ–Ω —Å–∞–º –ø–æ —Å–µ–±–µ –¥–æ–≤–æ–ª—å–Ω–æ-—Ç–∞–∫–∏ —Ä–µ–¥–∫–∏–π. –ê —Ç—É—Ç –µ—â—ë –∏ –∞–ª—å–±–∏–Ω–æ—Å. –í–æ—Ç —Ç–∞–∫–æ–µ –≤–æ—Ç –≤–µ–∑–µ–Ω–∏–µ –∏ –≤–ø–µ—á–∞—Ç–ª–µ–Ω–∏–µ –Ω–∞ –≤—Å—é –∂–∏–∑–Ω—å. 
 
–ù–∏—á–µ–≥–æ –Ω–µ –Ω–∞–ø–æ–º–∏–Ω–∞–µ—Ç? –û–¥–∏–Ω –≤ –æ–¥–∏–Ω, –∫–∞–∫ —Ç–µ —Å–∞–º—ã–µ –≤–æ–ª–∂—Å–∫–∏–µ –ª–µ—â–∏ —É —Å–µ–ª–∞ –ï—Ä–º–∞–∫–æ–≤–æ."
@aviasales,https://t.me/aviasales/8621,2024-01-19 13:38:05,"–ó–∏–º–æ–π –≤ –°–æ—á–∏ –¥–µ—à–µ–≤–ª–µ.  
 
–ï—Å–ª–∏ –≤—ã —Ä–µ—à–∏—Ç–µ –æ—Å—Ç–∞–Ω–æ–≤–∏—Ç—å—Å—è –∏–º–µ–Ω–Ω–æ –≤ –≥–æ—Ä–æ–¥–µ, –∞ –Ω–µ –≤ –≥–æ—Ä–∞—Ö, —Ç–æ –æ—Ç–µ–ª–∏, –≥–æ—Å—Ç–∏–Ω–∏—Ü—ã –∏–ª–∏ –∂–∏–ª—å—ë –≤ —á–∞—Å—Ç–Ω–æ–º —Å–µ–∫—Ç–æ—Ä–µ –±—É–¥—É—Ç —Å—Ç–æ–∏—Ç—å —Å—É—â–µ—Å—Ç–≤–µ–Ω–Ω–æ –º–µ–Ω—å—à–µ, —á–µ–º –ª–µ—Ç–æ–º.  
 
–ü–æ–≥–æ–¥–∞ –ø—Ä–∏—è—Ç–Ω–∞—è. –ú–æ–∂–Ω–æ –≤—ã–≥—É–ª—è—Ç—å –±–µ–∂–µ–≤—ã–π —Ç—Ä–µ–Ω—á –Ω–∞ –ø–æ–ª—É–ø—É—Å—Ç–æ–π –Ω–∞–±–µ—Ä–µ–∂–Ω–æ–π –∏ –ø–æ—à–µ–ø—Ç–∞—Ç—å—Å—è —Å –º–æ—Ä–µ–º –Ω–∞–µ–¥–∏–Ω–µ, –≥–ª—è–¥—è, –∫–∞–∫ —Ç–∞–º, –≤ –∑–∏–º–Ω–µ–π —Å–ø—è—á–∫–µ –æ—Ç–¥—ã—Ö–∞–µ—Ç —Ä–æ—Ç–∞–≤–∏—Ä—É—Å. 
 
–ù—É –∞ –µ—â—ë –º–æ–∂–Ω–æ –ø–æ—Å–µ—Ç–∏—Ç—å –º—É–∑–µ–∏, —Ä–µ—Å—Ç–æ—Ä–∞–Ω—ã, –±–∞–Ω–∏ –∏ —Å–∞—É–Ω—ã. –°–ø–æ–∫–æ–π–Ω—ã–π —Ç–∞–∫–æ–π –æ—Ç–¥—ã—Ö. 
 
–ü–æ–¥—Ä–æ–±–Ω–µ–µ —á–∏—Ç–∞–π—Ç–µ –≤ –ü–°–ñ–†: i.avs.io/JJo_aaVX"
@aviasales,https://t.me/aviasales/8620,2024-01-19 10:42:29,"üá∞üáø –í –ö–∞–∑–∞—Ö—Å—Ç–∞–Ω–µ —Å 1 –º–∞—Ä—Ç–∞ —É—Å—Ç–∞–Ω–æ–≤—è—Ç –µ–¥–∏–Ω—ã–π —á–∞—Å–æ–≤–æ–π –ø–æ—è—Å. 

–†–∞–∑–Ω–∏—Ü–∞ —Å –º–æ—Å–∫–æ–≤—Å–∫–∏–º –≤—Ä–µ–º–µ–Ω–µ–º –≤–æ –≤—Å–µ–π —Å—Ç—Ä–∞–Ω–µ –±—É–¥–µ—Ç + 2 —á–∞—Å–∞.

@aviasales"
@aviasales,https://t.me/aviasales/8619,2024-01-19 09:31:51,"–°–∫–æ—Ä–æ 14 —Ñ–µ–≤—Ä–∞–ª—è, 8 –º–∞—Ä—Ç–∞. –ê –∑–Ω–∞—á–∏—Ç —Å–∞–º–æ–µ –≤—Ä–µ–º—è –ø–æ–¥—É–º–∞—Ç—å –ø—Ä–æ —Ä–∞—Å—Å—Ç–∞–≤–∞–Ω–∏–µ, —á—Ç–æ–±—ã –Ω–µ –¥–∞—Ä–∏—Ç—å –ø–æ–¥–∞—Ä–∫–∏. 

–ê –≤–æ—Ç 9 –º–µ—Å—Ç –¥–ª—è –Ω–µ–≥–æ –∏ –¥–ª—è –Ω–µ—ë, –∫—É–¥–∞ –º–æ–∂–Ω–æ –æ—Ç–ø—Ä–∞–≤–∏—Ç—å—Å—è –ø–æ—Å–ª–µ —Ä–∞—Å—Å—Ç–∞–≤–∞–Ω–∏—è. 
–¢–∞–º –º–æ–∂–Ω–æ –ø–æ–±—ã—Ç—å –≤ –æ–¥–∏–Ω–æ—á–µ—Å—Ç–≤–µ, –ø–æ–≤–µ—Å–µ–ª–∏—Ç—å—Å—è —Å –¥—Ä—É–∑—å—è–º–∏ –∏–ª–∏ –∫—Ä–∞—Å–∏–≤–æ –≤–æ–π—Ç–∏ –≤ —á—å—é-—Ç–æ –≥—Ä–µ—à–Ω—É—é –∂–∏–∑–Ω—å. 
 
–ß–∏—Ç–∞–π—Ç–µ –≤ –ü–°–ñ–†: i.avs.io/0mn6V14C"
@aviasales,https://t.me/aviasales/8618,2024-01-19 07:52:08,"üî• ¬´–ü–æ–±–µ–¥–∞¬ª –∑–∞–ø—É—Å—Ç–∏–ª–∏ —Ä–∞—Å–ø—Ä–æ–¥–∞–∂—É –±–∏–ª–µ—Ç–æ–≤ –æ—Ç 999 —Ä—É–±–ª–µ–π –ø–æ 100 –Ω–∞–ø—Ä–∞–≤–ª–µ–Ω–∏—è–º. 

–ö—É–ø–∏—Ç—å –º–æ–∂–Ω–æ —Å 19 –ø–æ 22 —è–Ω–≤–∞—Ä—è, –∞ —Å–ª–µ—Ç–∞—Ç—å —Å 22 —è–Ω–≤–∞—Ä—è –ø–æ 31 –º–∞—Ä—Ç–∞. 

–í—Å–µ–≥–æ –≤ –∞–∫—Ü–∏–∏ —É—á–∞—Å—Ç–≤—É–µ—Ç 50 —Ç—ã—Å—è—á –±–∏–ª–µ—Ç–æ–≤. –ü–æ—ç—Ç–æ–º—É —É—Å–ø–µ–≤–∞–π—Ç–µ!

@aviasales"
@aviasales,https://t.me/aviasales/8617,2024-01-19 07:43:20,"üá±üá∞ –®—Ä–∏-–õ–∞–Ω–∫–∞ —Å –∞–ø—Ä–µ–ª—è –±—É–¥–µ—Ç –≤—ã–¥–∞–≤–∞—Ç—å –≤—Ä–µ–º–µ–Ω–Ω—ã–µ —Ä–∞–∑—Ä–µ—à–µ–Ω–∏—è –Ω–∞ –≤–æ–∂–¥–µ–Ω–∏–µ –∏–Ω–æ—Å—Ç—Ä–∞–Ω—Ü–∞–º –ø—Ä—è–º–æ –≤ –∞—ç—Ä–æ–ø–æ—Ä—Ç—É. 

–°–µ–π—á–∞—Å –µ—Å–ª–∏ –≤—ã –∑–∞—Ö–æ—Ç–∏—Ç–µ –µ–∑–¥–∏—Ç—å –Ω–∞ –º–∞—à–∏–Ω–µ –Ω–∞ –®—Ä–∏-–õ–∞–Ω–∫–µ –≤–∞–º –ø—Ä–∏–¥—ë—Ç—Å—è –æ–±—Ä–∞—Ç–∏—Ç—å—Å—è –≤ –¢—Ä–∞–Ω—Å–ø–æ—Ä—Ç–Ω—ã–π –¥–µ–ø–∞—Ä—Ç–∞–º–µ–Ω—Ç –Ω–µ–¥–∞–ª–µ–∫–æ –æ—Ç –ö–æ–ª–æ–º–±–æ –∏ –ø—Ä–æ–π—Ç–∏ –≤—Å–µ –∫—Ä—É–≥–∏ –±—é—Ä–æ–∫—Ä–∞—Ç–∏—á–µ—Å–∫–æ–≥–æ –∞–¥–∞. 

–£–ø—Ä–æ—â–µ–Ω–∏–µ –ø–æ–ª—É—á–µ–Ω–∏—è —Ä–∞–∑—Ä–µ—à–µ–Ω–∏–π –ø–æ–∑–≤–æ–ª–∏—Ç –≥–æ—Å—É–¥–∞—Ä—Å—Ç–≤—É –ø–æ–ª—É—á–∞—Ç—å —Å—Ä–∞–∑—É –∏–Ω–æ—Å—Ç—Ä–∞–Ω–Ω—É—é –≤–∞–ª—é—Ç—É –∑–∞ —É—Å–ª—É–≥–∏, –∫–æ—Ç–æ—Ä—ã–µ —Å–µ–π—á–∞—Å –æ–ø–ª–∞—á–∏–≤–∞—é—Ç—Å—è –º–µ—Å—Ç–Ω–æ–π –≤–∞–ª—é—Ç–æ–π.

–î–æ –∫–æ–Ω—Ü–∞ –º–∞—Ä—Ç–∞ –®—Ä–∏-–õ–∞–Ω–∫–∞ –æ—Ç–º–µ–Ω–∏–ª–∞ –≤–∏–∑–æ–≤—ã–π —Å–±–æ—Ä –¥–ª—è —Ä–æ—Å—Å–∏—è–Ω. –ß—Ç–æ –ø–æ—Å–º–æ—Ç—Ä–µ—Ç—å —Ç–∞–º ‚Äî —á–∏—Ç–∞–π—Ç–µ –≤ –ü–°–ñ–†.

@aviasales"
@aviasales,https://t.me/aviasales/8616,2024-01-18 14:22:22,"–ù–∞—à–∞ e-mail —Ä–∞—Å—Å—ã–ª–∫–∞‚Ä¶ 
 
–≠–ª–µ–≥–∞–Ω—Ç–Ω–∞—è –∏ –¥–æ—Ä–æ–≥–∞—è, –∫–∞–∫ –∫–æ–∂–∞–Ω—ã–π —Å–∞–ª–æ–Ω –≤ —Ñ–µ—Ä—Ä–∞—Ä–∏, –∏–Ω—Ñ–æ—Ä–º–∞—Ç–∏–≤–Ω–∞—è, –∫–∞–∫ –≤–∫–ª–∞–¥—ã—à —Å –∫—É—á–µ–π —Ç–µ–∫—Å—Ç–∞ –≤ –ø–ª–∞—Å—Ç–º–∞—Å—Å–æ–≤–æ–º —è–π—Ü–µ –æ—Ç –∫–∏–Ω–¥–µ—Ä —Å—é—Ä–ø—Ä–∏–∑–∞. –ù—É –≤ —Ç–æ–º —Å–º—ã—Å–ª–µ, —á—Ç–æ –º–Ω–æ–≥–æ –≤—Å–µ–≥–æ –∏–Ω—Ç–µ—Ä–µ—Å–Ω–æ–≥–æ –Ω–∞–ø–∏—Å–∞–Ω–æ. 
 
–ï—â—ë –Ω–µ —É–±–µ–¥–∏–ª–∏ –≤–∞—Å –ø–æ–¥–ø–∏—Å–∞—Ç—å—Å—è? 
 
–ù—É –¥–∞–∂–µ –Ω–µ –∑–Ω–∞–µ–º. –í–∞–º —á—Ç–æ –Ω–µ –Ω—É–∂–Ω—ã –∏–Ω–¥–∏–≤–∏–¥—É–∞–ª—å–Ω—ã–µ –ø–æ–¥–±–æ—Ä–∫–∏ –¥–µ—à—ë–≤—ã—Ö –±–∏–ª–µ—Ç–æ–≤, –≤ –∫–æ—Ç–æ—Ä—ã—Ö –º—ã —É—á–∏—Ç—ã–≤–∞–µ–º –≤–∞—à–∏ –∏–Ω—Ç–µ—Ä–µ—Å—ã –∏ –≥–æ—Ä–æ–¥ –ø—Ä–æ–∂–∏–≤–∞–Ω–∏—è, —Ç—Ä–µ–≤–µ–ª-—Å–æ–≤–µ—Ç—ã, –∫–æ—Ç–æ—Ä—ã—Ö –±–æ–ª—å—à–µ –Ω–∏–≥–¥–µ –≤—ã –Ω–µ –Ω–∞–π–¥—ë—Ç–µ, —á–µ—Å—Ç–Ω–µ–π—à–∏–µ –ø—É—Ç–µ–≤–æ–¥–∏—Ç–µ–ª–∏ –∏ —Ä–æ–∑—ã–≥—Ä—ã—à–∏. 
 
–ù—É —Ç–æ–≥–¥–∞ –Ω–µ –ø–æ–¥–ø–∏—Å—ã–≤–∞–π—Ç–µ—Å—å!"
@aviasales,https://t.me/aviasales/8615,2024-01-18 12:32:59,"‚úàÔ∏è ¬´–ê—ç—Ä–æ—Ñ–ª–æ—Ç¬ª —Å 9 —Ñ–µ–≤—Ä–∞–ª—è —É–≤–µ–ª–∏—á–∏—Ç –∫–æ–ª–∏—á–µ—Å—Ç–≤–æ —Ä–µ–π—Å–æ–≤ –∏–∑ –ú–æ—Å–∫–≤—ã –Ω–∞ –ú–∞–≤—Ä–∏–∫–∏–π. 

–õ–µ—Ç–∞—Ç—å –±—É–¥—É—Ç —Ç—Ä–∏ —Ä–∞–∑–∞ –≤ –Ω–µ–¥–µ–ª—é: –ø–æ —Å—Ä–µ–¥–∞–º, –ø—è—Ç–Ω–∏—Ü–∞–º –∏ —Å—É–±–±–æ—Ç–∞–º. 

–†–æ—Å—Å–∏—è–Ω–µ –º–æ–≥—É—Ç –Ω–∞—Ö–æ–¥–∏—Ç—å—Å—è –≤ –†–µ—Å–ø—É–±–ª–∏–∫–µ –¥–æ 60 –¥–Ω–µ–π –±–µ–∑ –≤–∏–∑—ã. –î–ª—è –≤—ä–µ–∑–¥–∞ –Ω—É–∂–Ω—ã –æ–±—Ä–∞—Ç–Ω—ã–µ –±–∏–ª–µ—Ç—ã, –∑–∞–ø–æ–ª–Ω–µ–Ω–Ω–∞—è —Ñ–æ—Ä–º–∞ All-in-One –∏ –∏–º–º–∏–≥—Ä–∞—Ü–∏–æ–Ω–Ω–∞—è –∫–∞—Ä—Ç–∞.

–ú–∞–≤—Ä–∏–∫–∏–π, –∫—Å—Ç–∞—Ç–∏, –º–æ–∂–Ω–æ —Ä–∞—Å—Å–º–æ—Ç—Ä–µ—Ç—å –∫–∞–∫ –∞–ª—å—Ç–µ—Ä–Ω–∞—Ç–∏–≤—É –ë–∞–ª–∏ –∏–ª–∏ –¢–∞–∏–ª–∞–Ω–¥—É. –õ—é–¥–µ–π —Ç–∞–º —Ç–æ—á–Ω–æ –ø–æ–º–µ–Ω—å—à–µ.

@aviasales"
@aviasales,https://t.me/aviasales/8614,2024-01-18 11:06:58,"–ê—Ä–Ω–æ–ª—å–¥–∞ –®–≤–∞—Ä—Ü–µ–Ω–µ–≥–≥–µ—Ä–∞ –∑–∞–¥–µ—Ä–∂–∞–ª–∏ –≤ –∞—ç—Ä–æ–ø–æ—Ä—Ç—É –ú—é–Ω—Ö–µ–Ω–∞
 
–û–Ω –Ω–µ —Å–º–æ–≥ –ø—Ä–æ–π—Ç–∏ —á–µ—Ä–µ–∑ —Ä–∞–º–∫—É –º–µ—Ç–∞–ª–ª–æ–∏—Å–∫–∞—Ç–µ–ª—è, –ø–æ—Ç–æ–º—É —á—Ç–æ –æ–Ω —Ä–æ–±–æ—Ç, –∫–æ—Ç–æ—Ä—ã–π –ø—Ä–∏–±—ã–ª –∏–∑ –±—É–¥—É—â–µ–≥–æ, —á—Ç–æ–±—ã —É–Ω–∏—á—Ç–æ–∂–∏—Ç—å ChatGPT 4.  
 
–õ–∞–¥–Ω–æ. –í—Å—ë –±—ã–ª–æ –Ω–µ —Ç–∞–∫. 76-–ª–µ—Ç–Ω–∏–π –¥–µ–¥—É—à–∫–∞ –ø—Ä–æ—Å—Ç–æ –∑–∞–±—ã–ª –∑–∞–¥–µ–∫–ª–∞—Ä–∏—Ä–æ–≤–∞—Ç—å –∏–º–µ–Ω–Ω—ã–µ —á–∞—Å—ã Audemars Piguet —Å—Ç–æ–∏–º–æ—Å—Ç—å—é 26 —Ç—ã—Å. –µ–≤—Ä–æ.  

–ï–º—É –ø—Ä–µ–¥–ø–∏—Å–∞–ª–∏ —É–ø–ª–∞—Ç–∏—Ç—å —à—Ç—Ä–∞—Ñ –≤ 35 —Ç—ã—Å. –µ–≤—Ä–æ, —á—Ç–æ –≤ —Ü–µ–ª–æ–º –¥–æ–≤–æ–ª—å–Ω–æ-—Ç–∞–∫–∏ –ø—Ä–∏—è—Ç–Ω–æ –∏ —É–¥–æ–±–Ω–æ. –î–µ–Ω—å–≥–∏ —É –®–≤–∞—Ä—Ü–µ–Ω–µ–≥–≥–µ—Ä–∞ –±—ã–ª–∏ –ø—Ä–∏ —Å–µ–±–µ –Ω–∞ –∫–∞—Ä—Ç–µ, –Ω–æ –ø–æ –ø—Ä–∞–≤–∏–ª–∞–º —É—é—Ç–Ω–æ–π –µ–≤—Ä–æ–ø–µ–π—Å–∫–æ–π –±—é—Ä–æ–∫—Ä–∞—Ç–∏–∏, 50% –æ—Ç —Å—É–º–º—ã —Ç–∞–º–æ–∂–µ–Ω–Ω—ã—Ö —Å–±–æ—Ä–æ–≤ –Ω—É–∂–Ω–æ –æ–±—è–∑–∞—Ç–µ–ª—å–Ω–æ —É–ø–ª–∞—Ç–∏—Ç—å –Ω–∞–ª–∏—á–Ω—ã–º–∏. –ò –æ–Ω–∏ –ø–æ–µ—Ö–∞–ª–∏ –≤ –±–∞–Ω–∫ –ø–æ–¥ –∫–æ–Ω–≤–æ–µ–º —Å–Ω–∏–º–∞—Ç—å –Ω–∞–ª–∏–∫. 
 
–ê –ø–æ—Ç–æ–º –ê—Ä–Ω–æ–ª—å–¥ —É–ª–µ—Ç–µ–ª –Ω–∞ –í—Å–µ–º–∏—Ä–Ω—ã–π –∫–ª–∏–º–∞—Ç–∏—á–µ—Å–∫–∏–π —Å–∞–º–º–∏—Ç –≤ –ê–≤—Å—Ç—Ä–∏—é, –≥–æ–≤–æ—Ä–∏—Ç—å –ø—Ä–æ –≥–ª–æ–±–∞–ª—å–Ω–æ–µ –ø–æ—Ç–µ–ø–ª–µ–Ω–∏–µ –∏ –µ—Å—Ç—å –æ–º–∞—Ä–æ–≤ –Ω–∞ —Ñ—É—Ä—à–µ—Ç–µ.

@aviasales"
@aviasales,https://t.me/aviasales/8611,2024-01-18 09:04:01,"–ò–∑ –í–ª–∞–¥–∏–≤–æ—Å—Ç–æ–∫–∞ –∑–∞–ø—É—Å—Ç—è—Ç —Ä–µ–π—Å—ã –≤ –®–∞–Ω—Ö–∞–π –∏ –Ø–Ω—å—Ü–∑–∏ –≤ –Ω–∞—á–∞–ª–µ —Ñ–µ–≤—Ä–∞–ª—è üî•

–†–µ–π—Å—ã –≤ –®–∞–Ω—Ö–∞–π –≤—ã —É–∂–µ –≤–∏–¥–µ–ª–∏ –≤–æ –≤—á–µ—Ä–∞—à–Ω–µ–π –ø–æ–¥–±–æ—Ä–∫–µ –±–∏–ª–µ—Ç–æ–≤. –û–Ω–∏ —á–∞—Ä—Ç–µ—Ä–Ω—ã–µ, —Å –±–∞–≥–∞–∂–æ–º –∏ —Å—Ç–æ—è—Ç –æ—Ç 24 227 ‚ÇΩ –≤ –æ–¥–Ω—É —Å—Ç–æ—Ä–æ–Ω—É, —Ç—É–¥–∞-–æ–±—Ä–∞—Ç–Ω–æ –æ–∫–æ–ª–æ 50. –õ–µ—Ç–∞–µ—Ç Juneyao Airlines –ø–æ —Å—É–±–±–æ—Ç–∞–º.

–†–µ–π—Å—ã –≤ –Ø–Ω—å—Ü–∑–∏ ‚Äî —Ç–æ–∂–µ —Å –±–∞–≥–∞–∂–æ–º, —Å—Ç–æ—è—Ç –æ—Ç 20 —Ç—ã—Å—è—á –≤ –æ–¥–Ω—É —Å—Ç–æ—Ä–æ–Ω—É, —Ç—É–¥–∞-–æ–±—Ä–∞—Ç–Ω–æ –º–æ–∂–Ω–æ –≤–∑—è—Ç—å –æ—Ç 34 —Ç—ã—Å—è—á. –õ–µ—Ç–∞–µ—Ç China Southern Airlines –ø–æ —Å—Ä–µ–¥–∞–º.

üìå –ê –≤–æ—Ç –ø—Ä–æ —Ç–æ, –∫–∞–∫ –æ—Ñ–æ—Ä–º–∏—Ç—å –≤–∏–∑—É –≤ –ö–∏—Ç–∞–π –∏ –Ω–∏ –æ —á—ë–º –Ω–µ –ø–æ–∂–∞–ª–µ—Ç—å. –¢–∞–∫–∂–µ –Ω–∞ –≤—ä–µ–∑–¥ –≤ —Å—Ç—Ä–∞–Ω—É –¥–ª—è —Ä–æ—Å—Å–∏—è–Ω –¥–µ–π—Å—Ç–≤—É–µ—Ç –≥—Ä—É–ø–ø–æ–≤–æ–π –±–µ–∑–≤–∏–∑.

@aviasales_dv"
@aviasales,https://t.me/aviasales/8610,2024-01-18 07:21:22,"–ù–∞ –ë–∞–ª–∏ –±–µ–∑ –≤–∏–∑—ã? ü§Ø

–ï—â—ë –≤ –Ω–∞—á–∞–ª–µ –¥–µ–∫–∞–±—Ä—è —Å—Ç–∞–ª–æ –∏–∑–≤–µ—Å—Ç–Ω–æ, —á—Ç–æ –ò–Ω–¥–æ–Ω–µ–∑–∏—è –ø–ª–∞–Ω–∏—Ä—É–µ—Ç –≤–≤–µ—Å—Ç–∏ –±–µ–∑–≤–∏–∑–æ–≤—ã–π —Ä–µ–∂–∏–º –¥–ª—è –≥—Ä–∞–∂–¥–∞–Ω 20 —Å—Ç—Ä–∞–Ω, –≤ —Ç–æ–º —á–∏—Å–ª–µ –¥–ª—è –†–æ—Å—Å–∏–∏.

–ì–æ–≤–æ—Ä—è—Ç, —á—Ç–æ –¥–æ–∫—É–º–µ–Ω—Ç —É–∂–µ –Ω–∞ –ø–æ–¥–ø–∏—Å–∏ —É –≥–ª–∞–≤—ã –≥–æ—Å—É–¥–∞—Ä—Å—Ç–≤–∞, –æ—Å—Ç–∞–ª–æ—Å—å —Ç–æ–ª—å–∫–æ –¥–æ–∂–¥–∞—Ç—å—Å—è, –∫–æ–≥–¥–∞ –∂–µ –æ–Ω –µ–≥–æ –ø–æ–¥–ø–∏—à–µ—Ç. –ñ–¥—ë–º üòé

–°–µ–π—á–∞—Å —Ä–æ—Å—Å–∏—è–Ω–µ –º–æ–≥—É—Ç –æ—Ñ–æ—Ä–º–∏—Ç—å –≤–∏–∑—É –Ω–∞ 30 –¥–Ω–µ–π –ø–æ –ø—Ä–∏–ª—ë—Ç–µ (~35$) —Å –≤–æ–∑–º–æ–∂–Ω–æ—Å—Ç—å—é –ø—Ä–æ–¥–ª–µ–Ω–∏—è –µ—â—ë –Ω–∞ 30 –¥–Ω–µ–π –∏–ª–∏ –∑–∞—Ä–∞–Ω–µ–µ –≤ –∫–æ–Ω—Å—É–ª—å—Å—Ç–≤–µ.

–ù–µ –º–æ–∂–µ—Ç–µ –æ–ø—Ä–µ–¥–µ–ª–∏—Ç—å—Å—è: –ü—Ö—É–∫–µ—Ç –∏–ª–∏ –ë–∞–ª–∏? –¢–æ–≥–¥–∞ —á–∏—Ç–∞–π—Ç–µ –Ω–∞—à—É —Å—Ç–∞—Ç—å—é.

@aviasales"
@aviasales,https://t.me/aviasales/8609,2024-01-17 14:23:17,"‚úàÔ∏è ¬´–ê—ç—Ä–æ—Ñ–ª–æ—Ç¬ª —Å 9 —Ñ–µ–≤—Ä–∞–ª—è —É–≤–µ–ª–∏—á–∏—Ç –∫–æ–ª–∏—á–µ—Å—Ç–≤–æ —Ä–µ–π—Å–æ–≤ –∏–∑ –°–∞–Ω–∫—Ç-–ü–µ—Ç–µ—Ä–±—É—Ä–≥–∞ –Ω–∞ –ü—Ö—É–∫–µ—Ç. 

–õ–µ—Ç–∞—Ç—å –±—É–¥—É—Ç —Ç—Ä–∏ —Ä–∞–∑–∞ –≤ –Ω–µ–¥–µ–ª—é ‚Äî –ø–æ —á–µ—Ç–≤–µ—Ä–≥–∞–º, –ø—è—Ç–Ω–∏—Ü–∞–º –∏ –≤–æ—Å–∫—Ä–µ—Å–µ–Ω—å—è–º.

–î–æ –∫–æ–Ω—Ü–∞ –∞–ø—Ä–µ–ª—è —Ä–æ—Å—Å–∏—è–Ω–µ –º–æ–≥—É—Ç –Ω–∞—Ö–æ–¥–∏—Ç—å—Å—è –≤ –¢–∞–∏–ª–∞–Ω–¥–µ –¥–æ 90 –¥–Ω–µ–π.

@aviasales"
@aviasales,https://t.me/aviasales/8608,2024-01-17 12:39:02,"–ü—Ä–∞–≤–¥–∞ –ª–∏, —á—Ç–æ –≤ –¢–∞–∏–ª–∞–Ω–¥–µ –≤—Å—ë –¥—ë—à–µ–≤–æ –∏ –ø—Ä–∏—è—Ç–Ω–æ?  
  
–î–∞–≤–∞–π—Ç–µ —Ä–∞–∑–±–∏—Ä–∞—Ç—å—Å—è. –í —Ü–µ–ª–æ–º, –¢–∞–π —Ö–æ—Ä–æ—à–µ–µ –º–µ—Å—Ç–æ –¥–ª—è –∑–∏–º–æ–≤–∫–∏. –í–∏–∑–∞ –Ω–µ –Ω—É–∂–Ω–∞, —Ä–æ—Å—Å–∏—è–Ω–∞–º –º–æ–∂–Ω–æ –Ω–∞—Ö–æ–¥–∏—Ç—å—Å—è 90 –¥–Ω–µ–π, –µ—Å–ª–∏ –≤—ä–µ—Ö–∞—Ç—å –¥–æ –∫–æ–Ω—Ü–∞ –∞–ø—Ä–µ–ª—è. –ù—É –∏ –º–Ω–æ–≥–æ–µ –¥–µ–π—Å—Ç–≤–∏—Ç–µ–ª—å–Ω–æ –¥–µ—à–µ–≤–ª–µ, —á–µ–º –≤ –†–æ—Å—Å–∏–∏.  
–ù–æ –∫–æ–µ-—á—Ç–æ —Å—É—â–µ—Å—Ç–≤–µ–Ω–Ω–æ –¥–æ—Ä–æ–∂–µ.  
  
–ü–æ–¥—Ä–æ–±–Ω–µ–µ –ø—Ä–æ —Ü–µ–Ω—ã —á–∏—Ç–∞–π—Ç–µ –≤ –ü–°–ñ–†: i.avs.io/wg9E4NTh"
@aviasales,https://t.me/aviasales/8607,2024-01-17 10:17:54,"üá´üá∑ –ï—Å—Ç—å —Ç–∞–∫–∞—è –Ω–æ–≤–æ–≥–æ–¥–Ω—è—è —Ç—Ä–∞–¥–∏—Ü–∏—è ‚Äî –ø–æ–¥–Ω–∏–º–∞—Ç—å —Ü–µ–Ω—ã —Å —è–Ω–≤–∞—Ä—è –Ω–æ–≤–æ–≥–æ –≥–æ–¥–∞. –ò –õ—É–≤—Ä –Ω–µ –æ—Å—Ç–∞–ª—Å—è –≤ —Å—Ç–æ—Ä–æ–Ω–µ. 

–í—Ö–æ–¥–Ω–æ–π –±–∏–ª–µ—Ç —Ç–µ–ø–µ—Ä—å –±—É–¥–µ—Ç —Å—Ç–æ–∏—Ç—å 22 –µ–≤—Ä–æ (–≤–º–µ—Å—Ç–æ 17). –ì–æ–≤–æ—Ä—è—Ç, —á—Ç–æ —ç—Ç–æ –≤—ã–Ω—É–∂–¥–µ–Ω–Ω–∞—è –º–µ—Ä–∞, —Ç–∞–∫ –∫–∞–∫ —Å 2021 –ø–æ 2022 –≥–æ–¥ –Ω–∞ 88% –≤—ã—Ä–æ—Å–ª–∏ —Å—á–µ—Ç–∞ –∑–∞ —ç–ª–µ–∫—Ç—Ä–∏—á–µ—Å—Ç–≤–æ.

–§—Ä–∞–Ω—Ü–∏—è –æ—á–µ–Ω—å –∞–∫—Ç–∏–≤–Ω–æ –≥–æ—Ç–æ–≤–∏—Ç—Å—è –∫ –û–ª–∏–º–ø–∏–π—Å–∫–∏–º –∏–≥—Ä–∞–º, –∫–æ—Ç–æ—Ä—ã–µ –ø—Ä–æ–π–¥—É—Ç –ª–µ—Ç–æ–º. –í –∏—é–ª–µ –∏ –∞–≤–≥—É—Å—Ç–µ –±–∏–ª–µ—Ç—ã –Ω–∞ –º–µ—Ç—Ä–æ –ø–æ–¥–Ω–∏–º—É—Ç –ø–æ—á—Ç–∏ –≤ 2 —Ä–∞–∑–∞. 
–ï—Å—Ç—å —Ç—É—Ç –∫—Ç–æ –ø–ª–∞–Ω–∏—Ä—É–µ—Ç –ø–æ–µ–∑–¥–∫—É –≤–æ –§—Ä–∞–Ω—Ü–∏—é –ª–µ—Ç–æ–º? –ö–µ–º –≤—ã —Ä–∞–±–æ—Ç–∞–µ—Ç–µ?

@aviasales"
@aviasales,https://t.me/aviasales/8606,2024-01-17 08:02:32,"–ö–ª–∞–¥–±–∏—â–µ –∫–æ—Ä–∞–±–ª–µ–π, —Ä–∞—Å—Ç–µ–Ω–∏–µ-–¥–∏–Ω–æ–∑–∞–≤—Ä –∏ –æ–±–∞—è—Ç–µ–ª—å–Ω—ã–π –ª—ã—Å—ã–π –º—É–∂—á–∏–Ω–∞ –¥–µ—Ä–∂–∏—Ç –≤–∞—Å –∑–∞ —Ä—É–∫—É –Ω–∞ –∫—Ä–∞—é —Å–≤–µ—Ç–∞. 
 
–ó–≤—É—á–∏—Ç –∫–∞–∫ —Å–æ–Ω –ø—Ä–∏ —Ç–µ–º–ø–µ—Ä–∞—Ç—É—Ä–µ –≤ 38 –≥—Ä–∞–¥—É—Å–æ–≤ –ø–æ—Å–ª–µ —Ç–∞–±–ª–µ—Ç–∫–∏ –ø–∞—Ä–∞—Ü–µ—Ç–∞–º–æ–ª–∞. 
–ù–æ —ç—Ç–æ –Ω–µ —Å–æ–Ω, –∞ —Ä–µ–∞–ª—å–Ω–æ–µ –ø—É—Ç–µ—à–µ—Å—Ç–≤–∏–µ –≤ –ê–Ω–≥–æ–ª—É —Å –î–º–∏—Ç—Ä–∏–µ–º –õ—É–∫—å—è–Ω—á—É–∫–æ–º. –ò —Ç–∞–º —Ç–æ–∂–µ, –∫ —Å–ª–æ–≤—É, –±—ã–≤–∞–µ—Ç –¥–æ–≤–æ–ª—å–Ω–æ-—Ç–∞–∫–∏ –∂–∞—Ä–∫–æ. 
 
–ê –µ—â—ë —Ç–∞–º –¥–≤–æ—Ä–µ—Ü –æ—Ç —Å–æ–∑–¥–∞—Ç–µ–ª—è –≠–π—Ñ–µ–ª–µ–≤–æ–π –±–∞—à–Ω–∏, –≤—Ç–æ—Ä–æ–π –ø–æ –≤–µ–ª–∏—á–∏–Ω–µ –≤–æ–¥–æ–ø–∞–¥ –ê—Ñ—Ä–∏–∫–∏ –∏ –∞—Ç–º–æ—Å—Ñ–µ—Ä–Ω–æ–µ —Å–≤–∏–Ω—Ü–æ–≤–æ–µ –ø–æ–±–µ—Ä–µ–∂—å–µ –ê—Ç–ª–∞–Ω—Ç–∏—á–µ—Å–∫–æ–≥–æ –æ–∫–µ–∞–Ω–∞. 
 
–ß–∏—Ç–∞–µ–º –≤ –ü–°–ñ–†: i.avs.io/AEiQww62"
@aviasales,https://t.me/aviasales/8605,2024-01-16 14:48:33,"–ê —Ç–µ–º –≤—Ä–µ–º–µ–Ω–µ–º –ø–µ–≤—Ü–∞ –•—É–ª–∏–æ –ò–≥–ª–µ—Å–∏–∞—Å–∞ –∑–∞–¥–µ—Ä–∂–∞–ª–∏ –≤ –∞—ç—Ä–æ–ø–æ—Ä—Ç—É –î–æ–º–∏–Ω–∏–∫–∞–Ω—ã. 

–û–Ω –≤—ë–∑ 42 –∫–≥ –ø—Ä–æ–¥—É–∫—Ç–æ–≤ –≤ —Å–≤–æ—ë–º –±–∞–≥–∞–∂–µ. –ö—É—Ä–∏–Ω–æ–µ –º—è—Å–æ, –∫–ª—É–±–Ω–∏–∫—É, —Å–≤–µ–∫–ª—É, —à–ø–∏–Ω–∞—Ç –∏ –º–Ω–æ–≥–æ —á–µ–≥–æ –µ—â—ë ‚Äî —Å–ª–æ–≤–Ω–æ —Å–æ–±—Ä–∞–ª—Å—è –Ω–∞ –∫–∞–ø–∏—Ç–∞–ª-—à–æ—É ¬´–ü–æ–ª–µ —á—É–¥–µ—Å¬ª.  
 
–í–æ–∑–º–æ–∂–Ω–æ, –¥–æ —ç—Ç–æ–≥–æ –•—É–ª–∏–æ –≤—ã—Å—Ç—É–ø–∞–ª –Ω–∞ —é–±–∏–ª–µ–µ –≤ —Å—Ç–æ–ª–æ–≤–æ–π –≤ –•–∏–º–∫–∞—Ö, –∏ –µ–≥–æ –ø—Ä–æ—Å—Ç–æ –Ω–µ —Ö–æ—Ç–µ–ª–∏ –æ—Ç–ø—É—Å–∫–∞—Ç—å —Å –ø—É—Å—Ç—ã–º–∏ —Ä—É–∫–∞–º–∏. 
–ù—É –∞ –¥–æ–º–∏–Ω–∏–∫–∞–Ω—Å–∫–∏–µ –ø–æ–≥—Ä–∞–Ω–∏—á–Ω–∏–∫–∏ –≤—Å—ë-—Ç–∞–∫–∏ –æ—Ç–ø—É—Å—Ç–∏–ª–∏ –ø–µ–≤—Ü–∞ —Å –ø—É—Å—Ç—ã–º–∏ —Ä—É–∫–∞–º–∏ –∏ —Å–µ–π—á–∞—Å, —Ö–∏—Ö–∏–∫–∞—è, –∫–æ—Ä–º—è—Ç –¥—Ä—É–≥ –¥—Ä—É–≥–∞ —Å —Ä—É–∫. –ù–µ –ø—Ä–æ–ø–∞–¥–∞—Ç—å –∂–µ –¥–æ–±—Ä—É. 
 
–ï—Å–ª–∏ —á—Ç–æ, —Ç–æ –≤ –î–æ–º–∏–Ω–∏–∫–∞–Ω—Å–∫—É—é –†–µ—Å–ø—É–±–ª–∏–∫—É –≤–≤–æ–∑–∏—Ç—å –µ–¥—É –∑–∞–ø—Ä–µ—â–µ–Ω–æ."
@aviasales,https://t.me/aviasales/8604,2024-01-16 13:08:00,"–°—Ç–∞—è –≤–æ–ª–∂—Å–∫–∏—Ö –ª–µ—â–µ–π –ø–æ–¥–ø–ª—ã–ª–∞ —Å—É—à–∏—Ç—å—Å—è –ø–æ–¥ –ø–∏–≤–æ –∫ –æ—Ç–¥—ã—Ö–∞—é—â–∏–º –∑–∞ –≥–æ—Ä–æ–¥–æ–º —Å–∞–º–∞—Ä—á–∞–Ω–∞–º.

–†–æ—Å—Å–∏—è, —Å–µ–ª–æ –ï—Ä–º–∞–∫–æ–≤–æ, –°–∞–º–∞—Ä—Å–∫–∞—è –æ–±–ª–∞—Å—Ç—å, –°—Ç–∞–≤—Ä–æ–ø–æ–ª—å—Å–∫–∏–π —Ä–∞–π–æ–Ω.

–ü—É—Ç–µ—à–µ—Å—Ç–≤—É–π—Ç–µ!"
@aviasales,https://t.me/aviasales/8603,2024-01-16 12:14:46,"–¢–∞–º ¬´–ü–æ–±–µ–¥–∞¬ª –æ–±–Ω–æ–≤–∏–ª–∏ —Å–≤–æ–π —Ñ–∏—Ä–º–µ–Ω–Ω—ã–π —Ä—é–∫–∑–∞–∫ –∏ —Å–Ω–æ–≤–∞ –≤—ã–≥—Ä—É–∑–∏–ª–∏ –Ω–∞ –º–∞—Ä–∫–µ—Ç–ø–ª–µ–π—Å—ã. 

–ï—Å–ª–∏ —á–∞—Å—Ç–æ –ª–µ—Ç–∞–µ—Ç–µ —ç—Ç–æ–π –∞/–∫ –∏ –Ω–µ –ª—é–±–∏—Ç–µ –∫–∞–ª–∏–±—Ä–∞—Ç–æ—Ä—ã, —Ç–æ —ç—Ç–æ –ø—Ä—è–º –í–ï–©–¨, —Ç–∞–∫ –∫–∞–∫ –ø—Ä–∏ –≤–∏–¥–µ —Ä—é–∫–∑–∞–∫–∞ –Ω–∞–∑–µ–º–Ω—ã–µ —Å–ª—É–∂–±—ã –Ω–µ –±—É–¥—É—Ç –ø—Ä–æ—Å–∏—Ç—å –≤–∞—Å –≤–æ—Å–ø–æ–ª—å–∑–æ–≤–∞—Ç—å—Å—è –∫–∞–ª–∏–±—Ä–∞—Ç–æ—Ä–æ–º, –∞ —Å—Ä–∞–∑—É –ø—Ä–æ–ø—É—Å—Ç—è—Ç –Ω–∞ –±–æ—Ä—Ç.

@aviasales"
@aviasales,https://t.me/aviasales/8602,2024-01-16 11:36:55,"–õ–µ–ø–µ—Å—Ç–∫–∏ —Å–∞–∫—É—Ä—ã –≤–æ—Ä–æ–∂–∞—Ç. 
–°–∞–º—É—Ä–∞–π —Å—Ç–æ–∏—Ç –≤ –ø–æ–¥—à—Ç–∞–Ω–Ω–∏–∫–∞—Ö –∏ –ø—É—Ö–æ–≤–∏–∫–µ –Ω–∞ –æ—Å—Ç–∞–Ω–æ–≤–∫–µ –∏ –∂–¥—ë—Ç –º–∞—Ä—à—Ä—É—Ç–∫—É. 
–°–∫–æ—Ä–æ –º–∞—Ä—Ç. 
 
–í–æ—Ç —Ç–∞–∫–æ–µ —Ö–æ–∫–∫—É –Ω–∞–ø–∏—Å–∞–ª–æ—Å—å –∫–∞–∫-—Ç–æ —Å–∞–º–æ —Å–æ–±–æ–π, –∞ –≤—Å—ë –ø–æ—Ç–æ–º—É, —á—Ç–æ –ø–æ—è–≤–∏–ª—Å—è –≥—Ä–∞—Ñ–∏–∫ —Ü–≤–µ—Ç–µ–Ω–∏—è —Å–∞–∫—É—Ä—ã –≤ –Ø–ø–æ–Ω–∏–∏. 

–°–µ–∑–æ–Ω –Ω–∞—á–∏–Ω–∞–µ—Ç—Å—è 20 –º–∞—Ä—Ç–∞ —Å –æ—Å—Ç—Ä–æ–≤–∞ –ö—é—Å—é –Ω–∞ —é–≥–µ –∏ –∑–∞–∫–∞–Ω—á–∏–≤–∞–µ—Ç—Å—è –Ω–∞ –•–æ–∫–∫–∞–π–¥–æ ‚Äî —ç—Ç–æ –Ω–∞ —Å–µ–≤–µ—Ä–µ. 
–ù—É –∞ –≤ –¢–æ–∫–∏–æ —Ä–æ–∑–æ–≤—ã–µ –ª–µ–ø–µ—Å—Ç–∫–∏ –±—É–¥—É—Ç –∫—Ä—É–∂–∏—Ç—å—Å—è –≥–¥–µ-—Ç–æ 30 –º–∞—Ä—Ç–∞. 
 
–í –Ø–ø–æ–Ω–∏—é —Ä–æ—Å—Å–∏—è–Ω–∞–º –Ω—É–∂–Ω–∞ –≤–∏–∑–∞. –ê –≤–æ—Ç –≤ –ü–°–ñ–† —Ä–∞—Å—Å–∫–∞–∑—ã–≤–∞–µ–º, –∫–∞–∫ –µ—ë –æ—Ñ–æ—Ä–º–∏—Ç—å: i.avs.io/0O6lCJd2"
@aviasales,https://t.me/aviasales/8601,2024-01-16 09:27:11,"üá®üá≥ ¬´–ê—ç—Ä–æ—Ñ–ª–æ—Ç¬ª —Å 15 —Ñ–µ–≤—Ä–∞–ª—è —É–≤–µ–ª–∏—á–∏—Ç –∫–æ–ª–∏—á–µ—Å—Ç–≤–æ —Ä–µ–π—Å–æ–≤ –∏–∑ –ú–æ—Å–∫–≤—ã –≤ –≥–æ—Ä–æ–¥ –°–∞–Ω—å—è (–ø—Ä–æ–≤–∏–Ω—Ü–∏—è –•–∞–π–Ω–∞–Ω—å). 

–ë—É–¥—É—Ç –ª–µ—Ç–∞—Ç—å –Ω–∞ Airbus A330 –¥–æ —á–µ—Ç—ã—Ä—ë—Ö —Ä–∞–∑ –≤ –Ω–µ–¥–µ–ª—é ‚Äî –ø–æ —Å—Ä–µ–¥–∞–º, —á–µ—Ç–≤–µ—Ä–≥–∞–º, —Å—É–±–±–æ—Ç–∞–º –∏ –≤–æ—Å–∫—Ä–µ—Å–µ–Ω—å—è–º.

–ö–∞–∫ —Å–¥–µ–ª–∞—Ç—å –≤–∏–∑—É –≤ –ö–∏—Ç–∞–π ‚Äî —á–∏—Ç–∞–π—Ç–µ –≤ –ü–°–ñ–†: i.avs.io/D-KFI2LH

@aviasales"
@aviasales,https://t.me/aviasales/8600,2024-01-15 14:37:19,"üá¶üá∫ –í–æ –í–ª–∞–¥–∏–≤–æ—Å—Ç–æ–∫–µ —Å–µ–≥–æ–¥–Ω—è –æ—Ç–∫—Ä—ã–ª—Å—è –¶–µ–Ω—Ç—Ä —Å–±–æ—Ä–∞ –±–∏–æ–º–µ—Ç—Ä–∏—á–µ—Å–∫–∏—Ö –¥–∞–Ω–Ω—ã—Ö –¥–ª—è –ê–≤—Å—Ç—Ä–∞–ª–∏–∏

–¶–µ–Ω—Ç—Ä –±—É–¥–µ—Ç —Ä–∞–±–æ—Ç–∞—Ç—å –≤ –æ–ø—Ä–µ–¥–µ–ª—ë–Ω–Ω—ã–µ –¥–Ω–∏:
15 - 17, 29-30 —è–Ω–≤–∞—Ä—è –∏ 12-13, 26-27 —Ñ–µ–≤—Ä–∞–ª—è —Å 9 –¥–æ 16 —á–∞—Å–æ–≤. 

–ó–∞–ø–∏—Å–∞—Ç—å—Å—è –Ω–∞ –±–∏–æ–º–µ—Ç—Ä–∏—é –º–æ–∂–Ω–æ –Ω–∞ –æ—Ñ–∏—Ü–∏–∞–ª—å–Ω–æ–º —Å–∞–π—Ç–µ.

–ü–æ–¥–∞—á–∞ –¥–æ–∫—É–º–µ–Ω—Ç–æ–≤ –∏ –ø–æ–ª—É—á–µ–Ω–∏–µ –∞–≤—Å—Ç—Ä–∞–ª–∏–π—Å–∫–æ–π –≤–∏–∑—ã –ø–æ–ª–Ω–æ—Å—Ç—å—é —ç–ª–µ–∫—Ç—Ä–æ–Ω–Ω—ã–µ, –Ω–æ –Ω—É–∂–Ω–æ —Å–¥–∞—Ç—å –±–∏–æ–º–µ—Ç—Ä–∏—á–µ—Å–∫–∏–µ –¥–∞–Ω–Ω—ã–µ. –ö–∞–∫–∏–µ –¥–æ–∫—É–º–µ–Ω—Ç—ã –Ω—É–∂–Ω—ã –¥–ª—è –∞–≤—Å—Ç—Ä–∞–ª–∏–π—Å–∫–æ–π –≤–∏–∑—ã ‚Äî —á–∏—Ç–∞–π—Ç–µ –≤ –ü–°–ñ–†. 

–í –∫–∞–∫–∏—Ö –µ—â—ë –≥–æ—Ä–æ–¥–∞—Ö –º–æ–∂–Ω–æ —Å–¥–∞—Ç—å –±–∏–æ–º–µ—Ç—Ä–∏—é? 

–ú–æ—Å–∫–≤–∞, –°–∞–Ω–∫—Ç-–ü–µ—Ç–µ—Ä–±—É—Ä–≥, –ù–æ–≤–æ—Å–∏–±–∏—Ä—Å–∫, –†–æ—Å—Ç–æ–≤-–Ω–∞-–î–æ–Ω—É (–µ—â—ë –µ—Å—Ç—å —Ü–µ–Ω—Ç—Ä VFS –≤ –ê–ª–º–∞—Ç—ã, –µ—Å–ª–∏ –≤–∞–º —Ç–∞–º –±–ª–∏–∂–µ).

–î–æ–±—Ä–∞—Ç—å—Å—è –¥–æ –ê–≤—Å—Ç—Ä–∞–ª–∏–∏ –∏–∑ –†–æ—Å—Å–∏–∏ –º–æ–∂–Ω–æ —Å –ø–µ—Ä–µ—Å–∞–¥–∫–æ–π –≤ –û–ê–≠, –ö–∏—Ç–∞–µ –∏–ª–∏ –¢–∞–∏–ª–∞–Ω–¥–µ.

@aviasales"
@aviasales,https://t.me/aviasales/8599,2024-01-15 12:42:40,"–£ –≤–∞—Å –Ω–∞–ª–∏—á–Ω—ã–µ –∏–ª–∏ –∫–∞—Ä—Ç–∞? –£ –º–µ–Ω—è –≤—ã—Å–æ–∫–æ–µ –∞—Ä—Ç–µ—Ä–∏–∞–ª—å–Ω–æ–µ –¥–∞–≤–ª–µ–Ω–∏–µ. 
 
–í–æ—Ç —Ç–∞–∫–æ–π —Å–≤–µ—Ç—Å–∫–∏–π –¥–∏–∞–ª–æ–≥ –º–æ–∂–Ω–æ —É—Å–ª—ã—à–∞—Ç—å –º–µ–∂–¥—É –ø–æ—Å–µ—Ç–∏—Ç–µ–ª—è–º–∏ –∏ –æ—Ñ–∏—Ü–∏–∞–Ω—Ç–∞–º–∏ –≤ —Ä–µ—Å—Ç–æ—Ä–∞–Ω–µ –•–∞—Ä–±–∏–Ω–∞. –ò –¥–µ–ª–æ —Ç—É—Ç –Ω–µ –≤ —Ä–∞–∑–º–µ—Ä–µ —Å—á—ë—Ç–∞. –≠—Ç–∞ –ø—Ä–æ—Å—Ç–æ –ø—Ä–∏—è—Ç–Ω–∞—è —É—Å–ª—É–≥–∞ –æ—Ç –∑–∞–≤–µ–¥–µ–Ω–∏—è. 
–ü–æ –∑–∞–ª—É —Ö–æ–¥–∏—Ç –º–µ–¥—Å–µ—Å—Ç—Ä–∞ –∏ –º–µ—Ä—è–µ—Ç –¥–∞–≤–ª–µ–Ω–∏–µ –ø–æ—Å–µ—Ç–∏—Ç–µ–ª—è–º, —á—Ç–æ–±—ã –≤ —Å–ª—É—á–∞–µ —á–µ–≥–æ —á–µ–ª–æ–≤–µ—á–µ–∫ —Å–¥–µ–ª–∞–ª –ø–∞—É–∑—É, –ø–æ–ø–∏–ª –≤–æ–¥—ã, —Å—Ö–æ–¥–∏–ª —É–º—ã—Ç—å—Å—è. 
 
–ü—Ä–æ—Å—Ç–æ –∫–∏—Ç–∞–π—Ü—ã –∏–Ω–æ–≥–¥–∞ –ª—é–±—è—Ç –Ω–µ–º–Ω–æ–∂–∫–æ –æ—Ç–¥–æ—Ö–Ω—É—Ç—å –Ω–µ –≤ –º–µ—Ä—É. –•–æ—Ç—è —Å –∫–∞–∂–¥—ã–º —Ç–∞–∫–æ–µ –±—ã–≤–∞–µ—Ç.

@aviasales"
@aviasales,https://t.me/aviasales/8598,2024-01-15 10:37:23,"–ê –ø–æ–º–Ω–∏—Ç–µ, –∫–∞–∫ –≤—ã, –∑–∞–¥—ã—Ö–∞—è—Å—å, –ª–µ–∂–∞–ª–∏ –Ω–∞ –¥–∏–≤–∞–Ω–µ —Å –ø–æ–ª–Ω—ã–º –∂–∏–≤–æ—Ç–æ–º –æ–ª–∏–≤—å–µ –∏ —Ä–∞—Å—Å—Ç—ë–≥–Ω—É—Ç–æ–π –ø—É–≥–æ–≤–∏—Ü–µ–π –Ω–∞ —à—Ç–∞–Ω–∞—Ö, –ø–æ–∫–∞ –≤–∞—à –≤–µ—Ä–Ω—ã–π —Ñ–∏–∫—É—Å –º–æ—â–Ω—ã–º —Ñ–æ—Ç–æ—Å–∏–Ω—Ç–µ–∑–æ–º –≤—ã—Ä–∞–±–∞—Ç—ã–≤–∞–ª –≤–∞–º –∫–∏—Å–ª–æ—Ä–æ–¥ –≤ –∫–≤–∞—Ä—Ç–∏—Ä–µ? 
 
–ó–∞—Å—Ç–∞–≤–ª—è–µ—Ç –∑–∞–¥—É–º–∞—Ç—å—Å—è. 
 
–ö–æ—Ä–æ—á–µ, –µ—Å–ª–∏ –∫—É–¥–∞-—Ç–æ —É–µ–∑–∂–∞–µ—Ç–µ, —Ç–æ –Ω–µ –∑–∞–±—ã–≤–∞–π—Ç–µ –ø—Ä–æ —Å–≤–æ–∏ –∫–æ–º–Ω–∞—Ç–Ω—ã–µ —Ä–∞—Å—Ç–µ–Ω–∏—è.  
–í–æ—Ç –≤–∞–º –ø–æ–¥–±–æ—Ä–∫–∞ –≤ –ü–°–ñ–† —Å–æ –≤—Å—è–∫–∏–º–∏ —à—Ç—É–∫–∞–º–∏ —Å –ê–ª–∏–∫–∞, –∫–æ—Ç–æ—Ä—ã–µ –ø–æ—É—Ö–∞–∂–∏–≤–∞—é—Ç –∑–∞ –≤–∞—à–∏–º–∏ —Ü–≤–µ—Ç–∞–º–∏, –ø–æ–∫–∞ –≤–∞—Å –Ω–µ—Ç."
@aviasales,https://t.me/aviasales/8597,2024-01-15 08:17:01,"üáπüá∑ –í—Ö–æ–¥ –¥–ª—è –∏–Ω–æ—Å—Ç—Ä–∞–Ω–Ω—ã—Ö —Ç—É—Ä–∏—Å—Ç–æ–≤ –≤ –ú–µ—á–µ—Ç—å –ê–π—è‚Äë–°–æ—Ñ–∏—è –≤ –°—Ç–∞–º–±—É–ª–µ –±—É–¥–µ—Ç —Å—Ç–æ–∏—Ç—å 25 –µ–≤—Ä–æ 

–° —Å–µ–≥–æ–¥–Ω—è—à–Ω–µ–≥–æ –¥–Ω—è –≤ –º–µ—á–µ—Ç–∏ –±—É–¥–µ—Ç —Ä–∞–∑–¥–µ–ª—å–Ω—ã–π –≤—Ö–æ–¥ –¥–ª—è –ø–∞–ª–æ–º–Ω–∏–∫–æ–≤ –∏ —Ç—É—Ä–∏—Å—Ç–æ–≤. –¢–æ –µ—Å—Ç—å —Ç—É—Ä–∏—Å—Ç—ã –º–æ–≥—É—Ç –ø–æ—Å–µ—â–∞—Ç—å –º–µ—á–µ—Ç—å, –Ω–µ –Ω–∞—Ä—É—à–∞—è —Å—Ä–µ–¥—É –±–æ–≥–æ—Å–ª—É–∂–µ–Ω–∏–π. 

–í—Å—é –∏—Å—Ç–æ—Ä–∏—á–µ—Å–∫—É—é –∏–Ω—Ñ–æ—Ä–º–∞—Ü–∏—é —Ç—É—Ä–∏—Å—Ç—ã —Å–º–æ–≥—É—Ç –ø–æ–ª—É—á–∞—Ç—å —á–µ—Ä–µ–∑ —Å–ø–µ—Ü–∏–∞–ª—å–Ω–æ–µ –ø—Ä–∏–ª–æ–∂–µ–Ω–∏–µ –≤ –∞—É–¥–∏–æ—Ñ–æ—Ä–º–∞—Ç–µ –Ω–∞ 23 —è–∑—ã–∫–∞—Ö.  –í—Ö–æ–¥–Ω–æ–π –±–∏–ª–µ—Ç –º–æ–∂–Ω–æ –∫—É–ø–∏—Ç—å –≤ –∫–∞—Å—Å–µ –Ω–∞–ø—Ä–æ—Ç–∏–≤ —Ñ–æ–Ω—Ç–∞–Ω–∞ –ê—Ö–º–µ—Ç–∞. 

–î–ª—è –≥—Ä–∞–∂–¥–∞–Ω –¢—É—Ä—Ü–∏–∏ –≤—Ö–æ–¥ –≤ –º–µ—á–µ—Ç—å –æ—Å—Ç–∞–Ω–µ—Ç—Å—è –±–µ—Å–ø–ª–∞—Ç–Ω—ã–º.

@aviasales"
@aviasales,https://t.me/aviasales/8592,2024-01-14 11:04:01,"–í—ã –∑–Ω–∞–ª–∏, —á—Ç–æ –≤ –ö–∞–ª–∏–Ω–∏–Ω–≥—Ä–∞–¥—Å–∫–æ–π –æ–±–ª–∞—Å—Ç–∏ –µ—Å—Ç—å –≥–æ—Ä–æ–¥, –∫–æ—Ç–æ—Ä—ã–π —Å—á–∏—Ç–∞–µ—Ç—Å—è —Å—Ç–æ–ª–∏—Ü–µ–π –∫–æ—à–µ–∫? –≠—Ç–æ –ó–µ–ª–µ–Ω–æ–≥—Ä–∞–¥—Å–∫üêà

–ö–æ—Ç–∏–∫–∏ —Ç–∞–º —Å—á–∏—Ç–∞—é—Ç—Å—è —á—É—Ç—å –ª–∏ –Ω–µ —Å–≤—è—â–µ–Ω–Ω—ã–º–∏ –∂–∏–≤–æ—Ç–Ω—ã–º–∏ ‚Äî –≤–µ–∑–¥–µ –∏—Ö –∏–∑–æ–±—Ä–∞–∂–µ–Ω–∏—è, —Å–∫—É–ª—å–ø—Ç—É—Ä—ã, –∞ –≤ –Ω–µ–∫–æ—Ç–æ—Ä—ã—Ö –∑–∞–≤–µ–¥–µ–Ω–∏—è—Ö –∫–æ—à–∫–∏ –¥–∞–∂–µ —Ä–∞–±–æ—Ç–∞—é—Ç. –ù–∞ —É–ª–∏—Ü–∞—Ö —Å—Ç–æ—è—Ç –∞–≤—Ç–æ–º–∞—Ç—ã —Å –∫–æ—Ä–º–æ–º, –∞ –≤ —Ü–µ–Ω—Ç—Ä–µ –¥–ª—è –ø—É—à–∏—Å—Ç—ã—Ö –µ—Å—Ç—å –º–∞–ª–µ–Ω—å–∫–∏–µ –¥–æ–º–∏–∫–∏ –≤ –µ–≤—Ä–æ–ø–µ–π—Å–∫–æ–º —Å—Ç–∏–ª–µ.

–í –≥–æ—Ä–æ–¥–µ —Ç–∞–∫–∂–µ —Ä–∞–±–æ—Ç–∞–µ—Ç –∫–æ—Ç–æ—à–µ—Ñ, –æ–Ω–∞ —Å–ª–µ–¥–∏—Ç –∑–∞ —á–∏—Å—Ç–æ—Ç–æ–π –∏ –ø–æ—Ä—è–¥–∫–æ–º. –¢–∞–∫–∞—è –≤–æ—Ç –¥–æ–ª–∂–Ω–æ—Å—Ç—å –ø–æ—è–≤–∏–ª–∞—Å—å –≤ –≥–æ—Ä–æ–¥—Å–∫–æ–π –∞–¥–º–∏–Ω–∏—Å—Ç—Ä–∞—Ü–∏–∏ –≤ 2018 –≥–æ–¥—É.

ü§ì–ü–æ–¥—Ä–æ–±–Ω–µ–µ –ø—Ä–æ –ó–µ–ª–µ–Ω–æ–≥—Ä–∞–¥—Å–∫ –º—ã —Ä–∞—Å—Å–∫–∞–∑–∞–ª–∏ –≤–æ—Ç –∑–¥–µ—Å—å."
@aviasales,https://t.me/aviasales/8584,2024-01-13 10:02:01,"–•—Ä–∞–º –í–µ–≤—É—Ä—É–∫–∞–Ω–Ω–∞–ª–∞ –í–∏—Ö–∞—Ä–∞, –®—Ä–∏-–õ–∞–Ω–∫–∞.

–î–æ–≤–æ–ª—å–Ω–æ-—Ç–∞–∫–∏ —É–Ω–∏–∫–∞–ª—å–Ω—ã–π —Ö—Ä–∞–º —Å –±–µ–ª—ã–º–∏ —Å—Ç–µ–Ω–æ—á–∫–∞–º–∏, 50-–º–µ—Ç—Ä–æ–≤–æ–π —Å—Ç–∞—Ç—É–µ–π —Å–∏–¥—è—â–µ–≥–æ –ë—É–¥–¥—ã –∏ —Ç—É–Ω–Ω–µ–ª–µ–º –∞–¥–∞. 

–ù–µ—Ç, —ç—Ç–æ –Ω–µ –ø—Ä–æ—Å—Ç–æ —Ç—É–Ω–Ω–µ–ª—å, –∫–æ—Ç–æ—Ä—ã–π –Ω—É–∂–Ω–æ –ø—Ä–æ–π—Ç–∏ –≤ –≤–ª–∞–∂–Ω—ã–µ +35¬∞C. –¢–∞–º –≤—Å—è–∫–∏–µ —Å—Ç–∞—Ç—É–∏ –∏ —Ä–∏—Å—É–Ω–∫–∏, –∏–∑–æ–±—Ä–∞–∂–∞—é—â–∏–µ –≥—Ä–µ—à–Ω–∏–∫–æ–≤, –ø—Ä–∏ –∂–∏–∑–Ω–∏ –ø–æ–¥–¥–∞–≤—à–∏—Ö—Å—è –∏—Å–∫—É—à–µ–Ω–∏—è–º –Ω–∞ –ø—É—Ç–∏ –∫ —Å–≤–æ–µ–º—É –ø—Ä–æ—Å–≤–µ—Ç–ª–µ–Ω–∏—é. –ù–∞–ø—Ä–∏–º–µ—Ä, —Å–∏–¥–µ–Ω–∏—é –≤ —Ç–∏–∫ —Ç–æ–∫–∞—Ö –∏ –ø–æ–µ–¥–∞–Ω–∏—é –∫–æ–ª–±–∞—Å—ã –≤ —á–∞—Å –Ω–æ—á–∏. 
–ê —Ç–∞–∫–∂–µ —Ç–∞–º –≤—Å—è–∫–∏–µ –¥–µ–º–æ–Ω—ã, –∫–æ—Ç–æ—Ä—ã–µ –ø—Ä–æ–≤–æ–¥—è—Ç —ç–∫–∑–µ–∫—É—Ü–∏–∏ –Ω–∞–¥ –±–µ–¥–æ–ª–∞–≥–∞–º–∏.

–í–æ—Ç –∫–∞–∫ —ç—Ç–æ –≤—Å—ë –≤—ã–≥–ª—è–¥–∏—Ç."
@aviasales,https://t.me/aviasales/8583,2024-01-12 14:30:32,"–ü–∏–≤–æ ¬´–ñ–∏–≥—É–ª—ë–≤—Å–∫–æ–µ¬ª ‚Äî –≤–∫—É—Å –∑–Ω–∞–∫–æ–º—ã–π —Å –¥–µ—Ç—Å—Ç–≤–∞. –ú–∞–ª–æ –∫—Ç–æ –∑–Ω–∞–µ—Ç, –Ω–æ —Ä–æ–¥–∏–Ω–∞ –¥–∞–Ω–Ω–æ–π –±–æ–∂–µ—Å—Ç–≤–µ–Ω–Ω–æ–π –∞–º–±—Ä–æ–∑–∏–∏ ‚Äì –°–∞–º–∞—Ä–∞. –•–æ—Ç—è, –≤–æ–∑–º–æ–∂–Ω–æ, –∑–Ω–∞—é—Ç –∏ –º–Ω–æ–≥–∏–µ, –Ω–æ –±—ã–≤–∞–ª–∏ –∑–¥–µ—Å—å –Ω–µ –≤—Å–µ. 
 
–ê –Ω–∞—à –≥–ª–∞–≤–Ω—ã–π —Ä–µ–¥–∞–∫—Ç–æ—Ä –í–∏—Ç–∞–ª–∏–π –±—ã–ª —Ç–∞–º –Ω–∞ –≤—ã—Ö–æ–¥–Ω—ã—Ö. 
–û–Ω —Å–∫—Ä–∏–ø–µ–ª —Å–Ω–µ–≥–æ–º, –≤–æ –≤—Ä–µ–º—è –ø—Ä–æ–≥—É–ª–∫–∏ –≤–¥–æ–ª—å –∞—Ç–º–æ—Å—Ñ–µ—Ä–Ω—ã—Ö –¥–æ–º–æ–≤ –≤ —Å—Ç–∏–ª–µ –º–æ–¥–µ—Ä–Ω. –î–æ–ª–≥–æ —Å–º–æ—Ç—Ä–µ–ª –≤–¥–∞–ª—å –∑–∞ –≥–æ—Ä–∏–∑–æ–Ω—Ç –∑–∞—Å–Ω–µ–∂–µ–Ω–Ω–æ–π –í–æ–ª–≥–∏, –¥—É–º–∞—è –æ –≤–µ—á–Ω–æ–º. –ü–æ–º–æ–ª–æ–¥–µ–ª –¥—É—à–æ–π, —Ç–∞–Ω—Ü—É—è —Å –Ω–µ–∑–Ω–∞–∫–æ–º–∫–æ–π –≤ –æ–¥–Ω–æ–º –∏–∑ —Å–∞–º–∞—Ä—Å–∫–∏—Ö –±–∞—Ä–æ–≤. 
 
–ù—É –∏ –Ω–∞–ø–∏—Å–∞–ª –ø—Ä–æ —ç—Ç—É –ø–æ–µ–∑–¥–∫—É –≤ –ü–°–ñ–†. –ß–∏—Ç–∞–µ–º: https://i.avs.io/FdK-40vq"
@aviasales,https://t.me/aviasales/8582,2024-01-12 12:01:49,"–û—Ö, –Ω—É –Ω–∞–∫–æ–Ω–µ—Ü-—Ç–æ! –ö–µ–Ω–∏—è —Å—Ç–∞–ª–∞ –±–µ–∑–≤–∏–∑–æ–≤–æ–π üá∞üá™

–ü—Ä–∏—á—ë–º –¥–ª—è –≥—Ä–∞–∂–¥–∞–Ω –≤—Å–µ—Ö —Å—Ç—Ä–∞–Ω. –û—Å—Ç–∞–≤–∞—Ç—å—Å—è –≤ —Å—Ç—Ä–∞–Ω–µ –±–µ–∑ –≤–∏–∑—ã –º–æ–∂–Ω–æ –¥–æ 90 –¥–Ω–µ–π. 

–î–ª—è –≤—ä–µ–∑–¥–∞ –Ω—É–∂–Ω–æ –ø–æ–ª—É—á–∏—Ç—å —ç–ª–µ–∫—Ç—Ä–æ–Ω–Ω–æ–µ —Ä–∞–∑—Ä–µ—à–µ–Ω–∏–µ (eTA) –∑–∞ $30. –í –±—É–¥—É—â–µ–º —Å–æ–±–∏—Ä–∞—é—Ç—Å—è —Å–¥–µ–ª–∞—Ç—å –ø—Ä–∏–ª–æ–∂–µ–Ω–∏–µ, —á—Ç–æ–±—ã –æ—Ñ–æ—Ä–º–ª—è—Ç—å –µ–≥–æ –±—ã–ª–æ –ø—Ä–æ—â–µ, –Ω—É –∞ –ø–æ–∫–∞ –æ–Ω–ª–∞–π–Ω-–∑–∞—è–≤–∫—É –ø–æ–¥–∞—é—Ç –Ω–∞ —Å–∞–π—Ç–µ –∑–∞ —Ç—Ä–∏ –¥–Ω—è –¥–æ –ø–æ–µ–∑–¥–∫–∏.

üìå –ó–∞—Ç–æ –≤ –ö–µ–Ω–∏—é –º–æ–∂–Ω–æ —Å–æ —Å–≤–æ–∏–º–∏ –≤–æ–¥–∏—Ç–µ–ª—å—Å–∫–∏–º–∏ –ø—Ä–∞–≤–∞–º–∏.

@aviasales_dv"
@aviasales,https://t.me/aviasales/8581,2024-01-12 09:30:57,"–ö–∞–∫ –≤—ã—Å–æ–∫–æ—Ä–∞–Ω–≥–æ–≤–æ –ø–æ—Å–∫–æ–ª—å–∑–Ω—É—Ç—å—Å—è –∏ —É–ø–∞—Å—Ç—å —ç—Ç–æ–π –∑–∏–º–æ–π? 
 
–°–¥–µ–ª–∞—Ç—å —ç—Ç–æ –Ω–∞ –ª—å–¥—É –ë–∞–π–∫–∞–ª–∞! 
 
–ù–∞—à–∞ —Ä–µ–¥–∞–∫—Ç–æ—Ä –°–∏–º–æ–Ω–∞ –µ–∑–¥–∏–ª–∞ —Ç—É–¥–∞ —Å –ø–æ–¥—Ä—É–≥–∞–º–∏ –≤ –ø—Ä–æ—à–ª–æ–º –≥–æ–¥—É. –í—Ä–µ–º—è —Å —Ç–µ—Ö –ø–æ—Ä —É—Ç–µ–∫–ª–æ –Ω–µ–º–∞–ª–æ, –Ω–æ –≤–ø–µ—á–∞—Ç–ª–µ–Ω–∏—è –æ—Å—Ç–∞–ª–∏—Å—å —Å–≤–µ–∂–∏–º–∏ –∏ –Ω–µ–∑–∞–º—É—Ç–Ω—ë–Ω–Ω—ã–º–∏, –∫–∞–∫ –±–∞–π–∫–∞–ª—å—Å–∫–∏–π –ª—ë–¥. 
–°–∏–º–æ–Ω–∞ –ø–æ–¥—Å—á–∏—Ç–∞–ª–∞ —Å–≤–æ–∏ —Ç—Ä–∞—Ç—ã –∏ –ø–æ–¥—Ä–æ–±–Ω–æ —Ä–∞—Å—Å–∫–∞–∑–∞–ª –Ω–∞–º –æ–± —ç—Ç–æ–º –≤ –ü–°–ñ–†. 
 
–ê —Ç–∞–∫–∂–µ –æ —Ç–æ–º, –∫–∞–∫ —Ç—É–¥–∞ –¥–æ–±—Ä–∞—Ç—å—Å—è, –≥–¥–µ –∂–∏—Ç—å, —á—Ç–æ –ø–æ–µ—Å—Ç—å, —á–µ–º —Å–µ–±—è —Ä–∞–∑–≤–ª–µ—á—å: https://i.avs.io/YKeEZLMQ"
@aviasales,https://t.me/aviasales/8580,2024-01-12 07:30:39,"–ù–æ–≤—ã–π —Å–ø–æ—Å–æ–± –ø—Ä–æ–≤–µ—Ä–∫–∏ —Ä—É—á–Ω–æ–π –∫–ª–∞–¥–∏ –ø—Ä–∏–¥—É–º–∞–ª–∏ TAP Air Portugalüò≥

–¢–µ–ø–µ—Ä—å —Å–æ—Ç—Ä—É–¥–Ω–∏–∫–∏ –ø–æ—Ä—Ç—É–≥–∞–ª—å—Å–∫–æ–π –∞–≤–∏–∞–∫–æ–º–ø–∞–Ω–∏–∏ —Ö–æ–¥—è—Ç –∏ —Å–∞–º–æ—Å—Ç–æ—è—Ç–µ–ª—å–Ω–æ –∏–∑–º–µ—Ä—è—é—Ç –≥–∞–±–∞—Ä–∏—Ç—ã —á–µ–º–æ–¥–∞–Ω–æ–≤ –∫–∞—Ä—Ç–æ–Ω–Ω–æ–π –∫–æ—Ä–æ–±–∫–æ–π. –ü—Ä–∏–º–µ–Ω–∏—Ç—å –≤—Å–µ —Å–≤–æ–∏ —Å–∏–ª—ã –∏ —É–º–µ–Ω–∏—è, –∑–∞—Ç–∞–ª–∫–∏–≤–∞—è –≤ –∫–∞–ª–∏–±—Ä–∞—Ç–æ—Ä —Å—É–º–∫—É –≤ –¥–≤–∞ —Ä–∞–∑–∞ –±–æ–ª—å—à–µ, —É–∂–µ –Ω–µ –ø–æ–ª—É—á–∏—Ç—Å—è.

–ó–∞–º–µ—Ä –ø—Ä–æ–∏—Å—Ö–æ–¥–∏—Ç –ø—Ä—è–º–æ –ø–µ—Ä–µ–¥ –ø–æ—Å–∞–¥–∫–æ–π, –∞ –¥–æ–ø–ª–∞—Ç–∞ –∑–∞ –ø—Ä–µ–≤—ã—à–µ–Ω–∏–µ –Ω–æ—Ä–º—ã ‚Äî 125-170 –µ–≤—Ä–æ.


–ù–∞–¥–µ–µ–º—Å—è, —ç—Ç–∞ –∏–¥–µ—è –Ω–µ –ø–æ–π–¥–µ—Ç –¥–∞–ª—å—à–µ –ü–æ—Ä—Ç—É–≥–∞–ª–∏–∏, –∏–Ω–∞—á–µ –≤ –Ω–µ–∫–æ—Ç–æ—Ä—ã—Ö –∞–≤–∏–∞–∫–æ–º–ø–∞–Ω–∏—è—Ö –±—É–¥—É—Ç –∏–∑–º–µ—Ä—è—Ç—å —á–µ–º–æ–¥–∞–Ω—ã –∫–æ—Ä–æ–±–∫–æ–π –∏–∑-–ø–æ–¥ —Ç–æ—Ä—Ç–∞"
@aviasales,https://t.me/aviasales/8579,2024-01-11 15:02:02,"–ï—Å–ª–∏ –≤–¥—Ä—É–≥ —Ç–æ–∂–µ —Ä–µ—à–∏—Ç–µ –Ω–∞–¥–µ—Ç—å –Ω–æ—Å–æ–∫, —Ç–æ –Ω–∞–¥–µ–≤–∞–π—Ç–µ —Ç—ë–ø–ª—ã–π. –ó–∏–º–∞ –≤—Å—ë-—Ç–∞–∫–∏. 

–ù—É –∞ –≤ –æ—Å—Ç–∞–ª—å–Ω–æ–º –≤—Å—ë –∫–∞–∫ –æ–±—ã—á–Ω–æ. –†–∞—Å–ø–∏—Å–∞–ª–∏ –ø–æ–¥—Ä–æ–±–Ω–æ –≤ –ü–°–ñ–†: https://i.avs.io/ayE2FkE-"
@aviasales,https://t.me/aviasales/8578,2024-01-11 13:04:27,"–ù–∏—á—Ç–æ —Ç–∞–∫ –Ω–µ —Å–∫—Ä–∞—à–∏–≤–∞–µ—Ç —Å–∫—É—á–Ω—ã–π 4-—á–∞—Å–æ–≤–æ–π –ø–æ–ª—ë—Ç, –∫–∞–∫ —Ä–æ–¥—ã –Ω–∞ –±–æ—Ä—Ç—É.

–í–æ—Ç, –Ω–∞–ø—Ä–∏–º–µ—Ä, –≤—á–µ—Ä–∞ –Ω–∞ —Ä–µ–π—Å–µ –∏–∑ –ú–æ—Å–∫–≤—ã –≤ –î—É—à–∞–Ω–±–µ –ø–∞—Å—Å–∞–∂–∏—Ä–∫–∞ —Ä–æ–¥–∏–ª–∞ –¥–µ–≤–æ—á–∫—É, —á–µ–º –º–æ—â–Ω–æ —Å–ø–ª–æ—Ç–∏–ª–∞ –≤—Å–µ—Ö –ø—Ä–∏—Å—É—Ç—Å—Ç–≤—É—é—â–∏—Ö.
–†–æ–¥—ã –ø—Ä–∏–Ω–∏–º–∞–ª–∏ –±–æ—Ä—Ç–ø—Ä–æ–≤–æ–¥–Ω–∏–∫–∏ –≤–º–µ—Å—Ç–µ —Å –º–µ–¥–∏–∫–∞–º–∏ –∏–∑ —á–∏—Å–ª–∞ –ø–∞—Å—Å–∞–∂–∏—Ä–æ–≤. –ê —Ç–µ, –∫–æ–º—É –Ω–µ —Ö–≤–∞—Ç–∏–ª–æ –∫–æ–º–ø–µ—Ç–µ–Ω—Ü–∏–∏ —É—á–∞—Å—Ç–≤–æ–≤–∞—Ç—å –≤ —Ç–∞–∏–Ω—Å—Ç–≤–µ —Ä–æ–∂–¥–µ–Ω–∏—è, —â–µ–¥—Ä–æ —Å–∫–∏–Ω—É–ª–∏—Å—å –¥–µ–Ω—å–≥–∞–º–∏. –ü–æ–ª—É—á–∏–ª–æ—Å—å –≥–¥–µ-—Ç–æ 55 000 —Ä—É–±–ª–µ–π –Ω–∞ –ø–µ–ª—ë–Ω–∫–∏ –∏ –ø–æ–¥–≥—É–∑–Ω–∏–∫–∏.

–í —Ü–µ–ª–æ–º, —Ä–æ–∂–∞—Ç—å –ª—É—á—à–µ –≤ –±–æ–ª–µ–µ —Å–ø–æ–∫–æ–π–Ω–æ–π –æ–±—Å—Ç–∞–Ω–æ–≤–∫–µ. –î–∞ –∏ –Ω–∞ –ø–æ–∑–¥–Ω–∏—Ö —Å—Ä–æ–∫–∞—Ö –ª–µ—Ç–∞—Ç—å –Ω–µ —Ä–µ–∫–æ–º–µ–Ω–¥—É–µ—Ç—Å—è. –ù–æ –µ—Å—Ç—å —Ç–∞–∫–∞—è —Ç–µ–º–∫–∞, —á—Ç–æ —Ä–µ–±—ë–Ω–æ–∫, –∫–æ—Ç–æ—Ä—ã–π —Ä–æ–¥–∏–ª—Å—è –Ω–∞ –±–æ—Ä—Ç—É, –º–æ–∂–µ—Ç –ø—Ä–µ—Ç–µ–Ω–¥–æ–≤–∞—Ç—å –Ω–∞ —Ç—Ä–∏ –≤–∏–¥–∞ –≥—Ä–∞–∂–¥–∞–Ω—Å—Ç–≤–∞:

‚ñ™Ô∏è–ì—Ä–∞–∂–¥–∞–Ω—Å—Ç–≤–æ —Å—Ç—Ä–∞–Ω—ã, –∫–æ—Ç–æ—Ä–æ–π –ø—Ä–∏–Ω–∞–¥–ª–µ–∂–∏—Ç —Å–∞–º–æ–ª—ë—Ç.
‚ñ™Ô∏è–°—Ç—Ä–∞–Ω—ã, –Ω–∞–¥ —á—å–µ–π —Ç–µ—Ä—Ä–∏—Ç–æ—Ä–∏–µ–π –ø—Ä–æ–∏–∑–æ—à–ª–∏ —Ä–æ–¥—ã.
‚ñ™Ô∏è–°—Ç—Ä–∞–Ω—ã, –≥–¥–µ —Å–∞–º–æ–ª—ë—Ç –ø—Ä–∏–∑–µ–º–ª–∏–ª—Å—è.

–ò –º–Ω–æ–≥–∏–µ –≤ –ø–æ—Å–ª–µ–¥–Ω–µ–µ –≤—Ä–µ–º—è —á–∞—Å—Ç–æ –¥—É–º–∞—é—Ç –æ–± —ç—Ç–æ–º. –î–∞–∂–µ —á–∞—â–µ, —á–µ–º –¥—É–º–∞–ª–∏ –ø–µ—Ä–µ–¥ —Ç–µ–º, –∫–∞–∫ –∑–∞–±–µ—Ä–µ–º–µ–Ω–µ—Ç—å.

–ê –≤–æ—Ç –≤–∞–º –Ω–∞—à–∞ —Å—Ç–∞—Ç—å—è –≤ –ü–°–ñ–† –æ –≤—Å–µ—Ö –Ω—é–∞–Ω—Å–∞—Ö, —Å–≤—è–∑–∞–Ω–Ω—ã—Ö —Å –≥—Ä–∞–∂–¥–∞–Ω—Å—Ç–≤–æ–º –∏ —Ä–æ–¥–∞–º–∏ –≤ —Å–∞–º–æ–ª—ë—Ç–µ: https://i.avs.io/PgPmta0N"
@aviasales,https://t.me/aviasales/8577,2024-01-11 12:00:43,"–ê –ø–æ–µ—Ö–∞–ª–∏ –≤ –°–µ–≤–µ—Ä–Ω—É—é –ö–æ—Ä–µ—é –Ω–∞ –ª—ã–∂–∞—Ö –∫–∞—Ç–∞—Ç—å—Å—è? ‚õ∑üá∞üáµ

–≠—Ç–æ –Ω–µ –ø—Ä–∏–∫–æ–ª: –ø–µ—Ä–≤—ã–µ —Ç—É—Ä–∏—Å—Ç—ã –∏–∑ –ü—Ä–∏–º–æ—Ä—å—è 9 —Ñ–µ–≤—Ä–∞–ª—è —É–∂–µ –µ–¥—É—Ç –≤ –ü—Ö–µ–Ω—å—è–Ω, –∞ –æ—Ç—Ç—É–¥–∞ –Ω–∞ –≥–æ—Ä–Ω–æ–ª—ã–∂–Ω—ã–π –∫—É—Ä–æ—Ä—Ç –ú–∞—Å–∏–∫—Ä—ë–Ω. –ü—è—Ç–∏–¥–Ω–µ–≤–Ω—ã–π —Ç—É—Ä –æ–±–æ–π–¥—ë—Ç—Å—è –≤ $750. –ì–æ–≤–æ—Ä—è—Ç, —Ç–∞–º 10 –º–Ω–æ–≥–æ—É—Ä–æ–≤–Ω–µ–≤—ã—Ö —Ç—Ä–∞—Å—Å, –≤ —Ç–æ–º —á–∏—Å–ª–µ –¥–ª—è –Ω–æ–≤–∏—á–∫–æ–≤. –°–∞–º–∞—è –≤—ã—Å–æ–∫–∞—è —Ç–æ—á–∫–∞ ‚Äî 1 360 –º–µ—Ç—Ä–æ–≤.  –í–æ—Ç —Ç–∞–∫ –≤–æ—Ç.

–†–æ—Å—Å–∏—è–Ω–∞–º –¥–ª—è –ø–æ—Å–µ—â–µ–Ω–∏—è –Ω—É–∂–Ω–∞ —Ç—É—Ä–∏—Å—Ç–∏—á–µ—Å–∫–∞—è –≤–∏–∑–∞. –ï—Å–ª–∏ –≤—Å—ë-—Ç–∞–∫–∏ —Å–æ–º–Ω–µ–≤–∞–µ—Ç–µ—Å—å, –Ω–∞–¥–æ –ª–∏ –≤–∞–º —Ç–∞–∫–æ–µ, –≤–æ—Ç –∑–∞–º–µ—Ç–∫–∏ –ø—Ä–æ –ö–ù–î–† –æ—Ç –î–º–∏—Ç—Ä–∏—è –õ—É–∫—å—è–Ω—á—É–∫–∞ ‚Äî –ø—É—Ç–µ—à–µ—Å—Ç–≤–µ–Ω–Ω–Ω–∏–∫–∞ —Å 20-–ª–µ—Ç–Ω–∏–º —Å—Ç–∞–∂–µ–º.

@aviasales_dv"
@aviasales,https://t.me/aviasales/8576,2024-01-11 09:45:14,"1,6 –º–ª–Ω. –µ–≤—Ä–æ –º–æ–Ω–µ—Ç–∫–∞–º–∏ –∑–∞ –≥–æ–¥ –Ω–∞–∫–∏–¥–∞–ª–∏ —Ç—É—Ä–∏—Å—Ç—ã –≤ —Ñ–æ–Ω—Ç–∞–Ω –¢—Ä–µ–≤–∏ –≤ –†–∏–º–µ. 

–ü–æ–ª—É—á–∏–ª–æ—Å—å –≥–¥–µ-—Ç–æ 33 —Ç–æ–Ω–Ω—ã. –í–æ—Ç —Ç–∞–∫–æ–π –ø—Ä–∏—è—Ç–Ω—ã–π –ª—ë–≥–∫–∏–π –∏ –Ω–µ–Ω–∞–≤—è–∑—á–∏–≤—ã–π –±–∏–∑–Ω–µ—Å. 

–§–æ–Ω—Ç–∞–Ω —á–∏—Å—Ç—è—Ç –º–∏–Ω–∏–º—É–º —Ä–∞–∑ –≤ –Ω–µ–¥–µ–ª—é. –ê –∫–æ–≥–¥–∞ –Ω–∞–ø–ª—ã–≤ —Ç—É—Ä–∏—Å—Ç–æ–≤ –æ—Å–æ–±–µ–Ω–Ω–æ –±–æ–ª—å—à–æ–π, —Ç–æ –∫–∞–∂–¥—ã–π –¥–µ–Ω—å. 
–í—Å–µ –º–æ–Ω–µ—Ç–∫–∏ –ø–µ—Ä–µ—Å—á–∏—Ç—ã–≤–∞—é—Ç, –ø–∞–∫—É—é—Ç –ø–æ –º–µ—à–∫–∞–º –∏ —Ä–∞–¥—É—é—Ç—Å—è. –ê –∫—Ç–æ –±—ã –Ω–µ —Ä–∞–¥–æ–≤–∞–ª—Å—è. 

–§–æ–Ω—Ç–∞–Ω –¢—Ä–µ–≤–∏ –ø–æ—Å—Ç—Ä–æ–µ–Ω –≤ 1732‚Äî1762 –≥–æ–¥–∞—Ö –ø–æ –ø—Ä–æ–µ–∫—Ç—É –ù–∏–∫–æ–ª–æ –°–∞–ª—å–≤–∏. –≠—Ç–æ –æ–¥–∏–Ω –∏–∑ —Å–∞–º—ã—Ö –∏–∑–≤–µ—Å—Ç–Ω—ã—Ö —Ñ–æ–Ω—Ç–∞–Ω–æ–≤ –≤ –º–∏—Ä–µ –∏ –æ–¥–Ω–∞ –∏–∑ –Ω–∞–∏–±–æ–ª–µ–µ –ø–æ–ø—É–ª—è—Ä–Ω—ã—Ö —Ç—É—Ä–∏—Å—Ç–∏—á–µ—Å–∫–∏—Ö —Ç–æ—á–µ–∫ –ò—Ç–∞–ª–∏–∏."
@aviasales,https://t.me/aviasales/8571,2024-01-11 07:20:10,"–ï—Å–ª–∏ –≤–∞–º –Ω–µ —Ö–≤–∞—Ç–∞–µ—Ç —ç–∫—Å—Ç—Ä–∏–º–∞ —ç—Ç–æ–π –∑–∏–º–æ–π, –º–æ–∂–µ—Ç–µ —Å–ª–µ—Ç–∞—Ç—å –≤ –ù–∞–¥—ã–º, —Ç–∞–º —É–∂–µ –≤ –≤–æ—Å–∫—Ä–µ—Å–µ–Ω—å–µ –æ–±–µ—â–∞—é—Ç - 44¬∞C. 

–ê –µ—â—ë –º–æ–∂–µ—Ç–µ –ø–æ–∂–∏—Ç—å –ø–∞—Ä—É –¥–Ω–µ–π –≤ –ª–µ–¥—è–Ω–æ–º –æ—Ç–µ–ª–µ. –í –®–≤–µ—Ü–∏–∏ –≤ 200 –∫–º –æ—Ç –ü–æ–ª—è—Ä–Ω–æ–≥–æ –∫—Ä—É–≥–∞ –µ—Å—Ç—å Icehotelü•∂

–¢–∞–º —Ç—É—Ä–∏—Å—Ç–∞–º –ø—Ä–µ–¥–ª–∞–≥–∞—é—Ç –ø–æ–∂–∏—Ç—å –≤ –Ω–æ–º–µ—Ä–∞—Ö, –≤—ã—Å–µ—á–µ–Ω–Ω—ã—Ö –∏–∑–æ –ª—å–¥–∞. –¢–µ–º–ø–µ—Ä–∞—Ç—É—Ä–∞ –≤ –Ω–∏—Ö –æ–ø—É—Å–∫–∞–µ—Ç—Å—è –¥–æ -8¬∞C. –î–ª—è —Ç–µ–ø–ª–∞ –ø—Ä–µ–¥—É—Å–º–æ—Ç—Ä–µ–Ω—ã –æ–¥–µ—è–ª–∞ –∏–∑ —à–∫—É—Ä –∏ —Å–æ–≥—Ä–µ–≤–∞—é—â–∏–µ –Ω–∞–ø–∏—Ç–∫–∏. –í—Å—ë –∫–∞–∫ –∏ –≤ –æ–±—ã—á–Ω–æ–π —Å—ä—ë–º–Ω–æ–π –∫–≤–∞—Ä—Ç–∏—Ä–µ –≤ –ï–≤—Ä–æ–ø–µ –∑–∏–º–æ–π.

–°—Ç–æ–∏—Ç —Ç–∞–∫–æ–π –æ—Ç–¥—ã—Ö 70 —Ç—ã—Å—è—á —Ä—É–±–ª–µ–π –≤ —Å—É—Ç–∫–∏ –Ω–∞ –¥–≤–æ–∏—Ö."
@aviasales,https://t.me/aviasales/8568,2024-01-10 16:01:24,"–ò—Å–∞–∞–∫–∏–µ–≤—Å–∫–∏–π —Å–æ–±–æ—Ä –ø–æ–∫—Ä—ã–ª—Å—è –∏–Ω–µ–µ–º –∏–∑-–∑–∞ —Ä–µ–∑–∫–æ–π —Å–º–µ–Ω—ã –ø–æ–≥–æ–¥—ã. 
–ù—É –∏ —Å—Ç–∞–ª –±–ª–µ–¥–Ω—ã–º, –∫–∞–∫ –∏ –ø–æ–¥–æ–±–∞–µ—Ç –ª–∏—Ü—É –ø–µ—Ç–µ—Ä–±—É—Ä–∂—Ü–∞, –∫–æ—Ç–æ—Ä—ã–π –≤–∏–¥–∏—Ç —Å–æ–ª–Ω–µ—á–Ω—ã–π —Å–≤–µ—Ç, —Ç–æ–ª—å–∫–æ –∫–æ–≥–¥–∞ –æ—Ç–∫—Ä—ã–≤–∞–µ—Ç —Ö–æ–ª–æ–¥–∏–ª—å–Ω–∏–∫, —á—Ç–æ–±—ã –≤–∑—è—Ç—å –∫—É—Ä—É —Å –≥—Ä–µ—á–µ–π. 
 
–ì–æ—Ä–æ–∂–∞–Ω–µ –Ω–µ —Ä–∞—Å—Ç–µ—Ä—è–ª–∏—Å—å –∏ –Ω–∞–æ—Å—Ç–∞–≤–ª—è–ª–∏ –≤—Å—è–∫–∏—Ö –Ω–∞–¥–ø–∏—Å–µ–π –∏ –æ—Ç–ø–µ—á–∞—Ç–∫–æ–≤ –Ω–∞ —Å–æ–±–æ—Ä–µ. –ù–æ, –Ω–∞–≤–µ—Ä–Ω–æ–µ, —É–∂–µ –≤—Å—ë —Ä–∞—Å—Ç–∞—è–ª–æ. 
 
–§–æ—Ç–æ: –°–µ—Ä–≥–µ–π –ú–∏—Ö–∞–π–ª–∏—á–µ–Ω–∫–æ, ¬´–§–æ–Ω—Ç–∞–Ω–∫–∞.—Ä—É¬ª"
@aviasales,https://t.me/aviasales/8567,2024-01-10 15:04:24,"14, 21 –∏ 28 —è–Ω–≤–∞—Ä—è –∏–∑-–∑–∞ —Ä–µ–º–æ–Ω—Ç–Ω—ã—Ö —Ä–∞–±–æ—Ç –±—É–¥–µ—Ç –∏–∑–º–µ–Ω—ë–Ω –≥—Ä–∞—Ñ–∏–∫ –¥–≤–∏–∂–µ–Ω–∏—è –ø–æ–µ–∑–¥–æ–≤ ¬´–ê—ç—Ä–æ—ç–∫—Å–ø—Ä–µ—Å—Å¬ª –≤ –∞—ç—Ä–æ–ø–æ—Ä—Ç –®–µ—Ä–µ–º–µ—Ç—å–µ–≤–æ –∏ –æ–±—Ä–∞—Ç–Ω–æ.

–° —É—Ç—Ä–∞ –∏ –¥–æ 15 —á–∞—Å–æ–≤ –∏–Ω—Ç–µ—Ä–≤–∞–ª—ã –º–µ–∂–¥—É –ø–æ–µ–∑–¥–∞–º–∏ —Å–æ—Å—Ç–∞–≤—è—Ç 1-3 —á–∞—Å–∞.
–ü–æ—Å–ª–µ 15 —á–∞—Å–æ–≤ ‚Äî –ø–æ–µ–∑–¥–∞ –±—É–¥—É—Ç –∫—É—Ä—Å–∏—Ä–æ–≤–∞—Ç—å –∫–∞–∂–¥—ã–µ –ø–æ–ª—á–∞—Å–∞.

–í–æ –≤—Ä–µ–º—è –ø–µ—Ä–µ—Ä—ã–≤–æ–≤ –¥–æ–±—Ä–∞—Ç—å—Å—è –≤ –∞—ç—Ä–æ–ø–æ—Ä—Ç –º–æ–∂–Ω–æ –Ω–∞ —ç–∫—Å–ø—Ä–µ—Å—Å-–∞–≤—Ç–æ–±—É—Å–∞—Ö –æ—Ç –º–µ—Ç—Ä–æ ¬´–•–æ–≤—Ä–∏–Ω–æ¬ª. –ü–æ–µ–∑–¥–∫–∞ –∑–∞–Ω–∏–º–∞–µ—Ç –æ–∫–æ–ª–æ 20 –º–∏–Ω—É—Ç. –†–∞—Å–ø–∏—Å–∞–Ω–∏–µ –∞–≤—Ç–æ–±—É—Å–æ–≤ –≤–æ—Ç —Ç—É—Ç."
@aviasales,https://t.me/aviasales/8566,2024-01-10 12:00:46,"–ö—É–¥–∞ –ø–æ–µ—Ö–∞—Ç—å –≤ —Ñ–µ–≤—Ä–∞–ª–µ? 
 
–ú–æ–∂–Ω–æ –Ω–µ–º–Ω–æ–≥–æ –ø—Ä–æ–µ—Ö–∞—Ç—å—Å—è –Ω–∞ –ø–∞—Ä—É –º–µ—Ç—Ä–æ–≤ –≤–ø–µ—Ä—ë–¥ –Ω–∞ —Å–ø–∏–Ω–µ, –ø–æ—Å–∫–æ–ª—å–∑–Ω—É–≤—à–∏—Å—å –≤–æ –≤—Ä–µ–º—è –≥–æ–ª–æ–ª—ë–¥–∞. –ú–æ–∂–Ω–æ –ø–æ–ª–µ—Ç–µ—Ç—å –∫—É–¥–∞-–Ω–∏–±—É–¥—å –∏–∑ –Ω–∞—à–µ–π –Ω–∞—à–µ–π –ø–æ–¥–±–æ—Ä–∫–∏ –≤ –ü–°–ñ–†.  
–í–æ–∑–º–æ–∂–Ω–æ—Å—Ç–∏ –±–µ–∑–≥—Ä–∞–Ω–∏—á–Ω—ã. 
 
–í–æ—Ç –≤–∞–º –≤–∞—Ä–∏–∞–Ω—Ç—ã –Ω–∞ —Ñ–µ–≤—Ä–∞–ª—å. –ò –ø–æ –†–æ—Å—Å–∏–∏, –∏ –∑–∞ –≥—Ä–∞–Ω–∏—Ü—É: https://i.avs.io/e7aFFUUO"
@aviasales,https://t.me/aviasales/8565,2024-01-10 09:29:40,"üèñ –¢—É—Ä –≤ –∏–∑ –†–æ—Å—Å–∏–∏ –≤ –¢—É—Ä—Ü–∏—é –∑–∞ 25 –º–ª–Ω. —Ä—É–±–ª–µ–π. 
 
–í–æ—Ç —Ç–∞–∫ —Å–∫—Ä–æ–º–Ω–æ –∏ –ø–æ-–¥–æ–º–∞—à–Ω–µ–º—É –æ—Ç–¥–æ—Ö–Ω—É–ª–∞ —Å–µ–º—å—è –∏–∑ —à–µ—Å—Ç–∏ —á–µ–ª–æ–≤–µ–∫ –≤ –ê–Ω—Ç–∞–ª—å–µ. –û–Ω–∏ –∂–∏–ª–∏ 67 –¥–Ω–µ–π –≤ –ø—è—Ç–∏–∑–≤—ë–∑–¥–æ—á–Ω–æ–º –æ—Ç–µ–ª–µ –ø–æ —Å–∏—Å—Ç–µ–º–µ ¬´—É–ª—å—Ç—Ä–∞ –≤—Å—ë –≤–∫–ª—é—á–µ–Ω–æ¬ª –∏ –≤ —Ü–µ–ª–æ–º –ø—Ä–∏—è—Ç–Ω–æ –ø—Ä–æ–≤–µ–ª–∏ —Ç–∞–º –≤—Ä–µ–º—è. –ö —Å–ª–æ–≤—É, —ç—Ç–æ –±—ã–ª —Å–∞–º—ã–π –¥–æ—Ä–æ–≥–æ–π —Ç—É—Ä –≤ –º–∏–Ω—É–≤—à–µ–º –≥–æ–¥—É. 
 
–ß—É—Ç—å –º–µ–Ω—å—à–µ —Å—Ç–æ–∏–ª —Ç—É—Ä –Ω–∞ –ú–∞–ª—å–¥–∏–≤—ã ‚Äî 22 –º–ª–Ω. —Ä—É–±–ª–µ–π. –¢—É–¥–∞ –ª–µ—Ç–∞–ª–∞ —Å–µ–º—å—è –∏–∑ –ø—è—Ç–∏ —á–µ–ª–æ–≤–µ–∫, –Ω–æ —É–∂–µ –Ω–∞ 15 –¥–Ω–µ–π. –ß—Ç–æ —Ç–æ–∂–µ –Ω–µ–ø–ª–æ—Ö–æ –∏ –ø–æ —Å–≤–æ–µ–º—É —É—é—Ç–Ω–æ. 
–ò –ø—Ä–∏–º–µ—Ä–Ω–æ —Å—Ç–æ–ª—å–∫–æ –∂–µ –∑–∞–ø–ª–∞—Ç–∏–ª–∏ —á–µ—Ç–≤–µ—Ä–æ —Ä–æ—Å—Å–∏—è–Ω –∑–∞ –≤–æ—Å—å–º–∏–¥–Ω–µ–≤–Ω—ã–π –æ—Ç–¥—ã—Ö –Ω–∞ –∫—É—Ä–æ—Ä—Ç–µ –ö—Ä–∞–Ω-–ú–æ–Ω—Ç–∞–Ω–∞ –≤ —à–≤–µ–π—Ü–∞—Ä—Å–∫–æ–º –∫–∞–Ω—Ç–æ–Ω–µ –í–∞–ª–µ. 
 
–ö–∞–∫–æ–π –º–æ–∂–Ω–æ —Å–¥–µ–ª–∞—Ç—å –∏–∑ —ç—Ç–æ–≥–æ –≤—ã–≤–æ–¥? 
–ê –≤—ã–≤–æ–¥ –ø—Ä–æ—Å—Ç: —Å–æ–±–∏—Ä–∞–π—Ç–µ—Å—å –ø–æ—á–∞—â–µ –æ—Ç–¥—ã—Ö–∞—Ç—å —Å–≤–æ–µ–π —Å–µ–º—å—ë–π."
@aviasales,https://t.me/aviasales/8561,2024-01-10 07:01:01,"–ê —Ç–µ–º –≤—Ä–µ–º–µ–Ω–µ–º —Ä–æ—Å—Å–∏—è–Ω–µ –∑–∞–Ω—è–ª–∏ –ø–µ—Ä–≤–æ–µ –º–µ—Å—Ç–æ –ø–æ —Ç—É—Ä–ø–æ—Ç–æ–∫—É –≤ –¢–∞–∏–ª–∞–Ω–¥ –Ω–∞ –Ω–æ–≤–æ–≥–æ–¥–Ω–∏–µ –ø—Ä–∞–∑–¥–Ω–∏–∫–∏. 
–ù–∞–ø—Ä–∏–º–µ—Ä, –≤ –¥–µ–Ω—å –Ω–∞ –ü—Ö—É–∫–µ—Ç –ø—Ä–∏–µ–∑–∂–∞–ª–æ –ø–æ –ø—è—Ç—å —Ç—ã—Å—è—á —á–µ–ª–æ–≤–µ–∫ –∏–∑ –†–æ—Å—Å–∏–∏, —á—Ç–æ, —Å–æ–±—Å—Ç–≤–µ–Ω–Ω–æ, –∏ —è–≤–ª—è–µ—Ç—Å—è —Å–∞–º—ã–º –±–æ–ª—å—à–∏–º –ø–æ–∫–∞–∑–∞—Ç–µ–ª–µ–º —Å—Ä–µ–¥–∏ –∏–Ω–æ—Å—Ç—Ä–∞–Ω—Ü–µ–≤. 
 
–ê –∑–Ω–∞—á–∏—Ç –º–Ω–æ–≥–∏–µ —Å–æ–ª–∏–¥–Ω–æ –æ—Ç–ø—Ä–∞–∑–¥–Ω–æ–≤–∞–ª–∏ –ù–æ–≤—ã–π –≥–æ–¥. –í–º–µ—Å—Ç–æ —Ö–æ–ª–æ–¥—Ü–∞ ‚Äî —Ç–æ–º —è–º, –≤–º–µ—Å—Ç–æ —Å–µ–ª—ë–¥–∫–∏ –ø–æ–¥ —à—É–±–æ–π ‚Äî –æ—Å—å–º–∏–Ω–æ–≥ –Ω–∞–≥–∏—à–æ–º, –≤–º–µ—Å—Ç–æ –î–µ–¥–∞ –ú–æ—Ä–æ–∑–∞ ‚Äî –õ–µ–¥–∏–¥–µ–¥ –ñ–∞—Ä–∞. 
–ù—É –∞ –ø–æ—á–µ–º—É –±—ã –∏ –Ω–µ—Ç. –û–¥–∏–Ω —Ä–∞–∑ –∂–∏–≤—ë–º. 
 
–ü–æ —ç—Ç–æ–º—É —Å–ª—É—á–∞—é –º—ã —Ç—É—Ç —Å –∫–æ–ª–ª–µ–≥–∞–º–∏ –ø–æ—Å–æ–≤–µ—â–∞–ª–∏—Å—å –∏ –Ω–∞–ø–∏—Å–∞–ª–∏ –≤–∞–º –ø–∞—Ä—É —Å–æ–≤–µ—Ç–æ–≤ –æ —Ç–æ–º, —á—Ç–æ –∏–Ω—Ç–µ—Ä–µ—Å–Ω–æ–≥–æ –ø–æ—Å–º–æ—Ç—Ä–µ—Ç—å –Ω–∞ –ü—Ö—É–∫–µ—Ç–µ. 
–í–æ—Ç, —á–∏—Ç–∞–π—Ç–µ –≤ –ü–°–ñ–†."
@aviasales,https://t.me/aviasales/8560,2024-01-09 15:01:40,"üáπüá≠ –¢–∞–∏–ª–∞–Ω–¥ —Å–æ–±–∏—Ä–∞–µ—Ç—Å—è —É–ø—Ä–æ—Å—Ç–∏—Ç—å –≤–æ–∑–≤—Ä–∞—Ç –ù–î–° –¥–ª—è –∏–Ω–æ—Å—Ç—Ä–∞–Ω–Ω—ã—Ö —Ç—É—Ä–∏—Å—Ç–æ–≤.
–ò–∑–º–µ–Ω–µ–Ω–∏—è –¥–æ–ª–∂–Ω—ã –≤—Å—Ç—É–ø–∏—Ç—å –≤ —Å–∏–ª—É —É–∂–µ –≤ —ç—Ç–æ–º –º–µ—Å—è—Ü–µ.

–ê –≤–æ—Ç –∏ –æ–Ω–∏:

–ü—Ä–∏ –≤–æ–∑–≤—Ä–∞—Ç–µ –Ω–∞–ª–æ–≥–∞ –Ω–µ –Ω—É–∂–Ω–æ –±—É–¥–µ—Ç –ø—Ä–µ–¥—ä—è–≤–ª—è—Ç—å —Ç–∞–º–æ–∂–µ–Ω–Ω–∏–∫–∞–º —Ç–æ–≤–∞—Ä—ã –Ω–∞ —Å—É–º–º—É –º–µ–Ω–µ–µ 20 —Ç—ã—Å. –±–∞—Ç (‚âà52 —Ç—ã—Å. —Ä—É–±–ª–µ–π). –î–æ —ç—Ç–æ–≥–æ –≤–µ—Ä—Ö–Ω–∏–π –ø—Ä–µ–¥–µ–ª –±—ã–ª 5000 –±–∞—Ç (‚âà13 —Ç—ã—Å. —Ä—É–±–ª–µ–π).

–ú–∏–Ω–∏–º–∞–ª—å–Ω–∞—è —Ü–µ–Ω–∞ —É–∫—Ä–∞—à–µ–Ω–∏–π, —á–∞—Å–æ–≤, —Å—É–º–æ–∫, —Ä–µ–º–Ω–µ–π, —Å–º–∞—Ä—Ç—Ñ–æ–Ω–æ–≤, –ø–ª–∞–Ω—à–µ—Ç–æ–≤, –Ω–æ—É—Ç–±—É–∫–æ–≤, –¥–µ–∫–æ—Ä–∞—Ç–∏–≤–Ω–æ–≥–æ –∑–æ–ª–æ—Ç–∞ –∏ –ø—Ä–æ—á–∏—Ö —Ä–∞–¥–æ—Å—Ç–µ–π –∂–∏–∑–Ω–∏, –∫–æ—Ç–æ—Ä—ã–µ –Ω—É–∂–Ω–æ –ø—Ä–µ–¥—ä—è–≤–ª—è—Ç—å –Ω–∞ —Ç–∞–º–æ–∂–Ω–µ –¥–ª—è –≤–æ–∑–≤—Ä–∞—Ç–∞ –ù–î–°, —É–≤–µ–ª–∏—á–∏—Ç—Å—è —Å 10 –¥–æ 40 —Ç—ã—Å. –±–∞—Ç (‚âà105 —Ç—ã—Å. —Ä—É–±–ª–µ–π).

–í –¥–≤–∞ —Ä–∞–∑–∞ –ø–æ–≤—ã—Å–∏—Ç—Å—è –ø—Ä–µ–¥–µ–ª—å–Ω–∞—è —Å—Ç–æ–∏–º–æ—Å—Ç—å —Ç–æ–≤–∞—Ä–æ–≤, –∫–æ—Ç–æ—Ä—ã–µ –º–æ–∂–Ω–æ –≤–∑—è—Ç—å —Å —Å–æ–±–æ–π –Ω–∞ —Ä–µ–π—Å. –†–∞–Ω—å—à–µ –±—ã–ª–æ 50 —Ç—ã—Å. –±–∞—Ç, –∞ —Å—Ç–∞–Ω–µ—Ç 100 —Ç—ã—Å. –±–∞—Ç (‚âà263 —Ç—ã—Å. —Ä—É–±–ª–µ–π).

@aviasales"
@aviasales,https://t.me/aviasales/8559,2024-01-09 12:02:17,"üá∞üá∑ –í –Æ–∂–Ω–æ–π –ö–æ—Ä–µ–µ –æ—Ñ–∏—Ü–∏–∞–ª—å–Ω–æ –∑–∞–ø—Ä–µ—Ç–∏–ª–∏ –µ—Å—Ç—å —Å–æ–±–∞–∫.

–¢–∞–∫–æ–π –∑–∞–∫–æ–Ω–æ–ø—Ä–æ–µ–∫—Ç –±—ã–ª –æ–¥–æ–±—Ä–µ–Ω –≤ –ø–∞—Ä–ª–∞–º–µ–Ω—Ç–µ —Å—Ç—Ä–∞–Ω—ã. –¢–∞–º –ø–æ–¥—É–º–∞–ª–∏, —á—Ç–æ —ç—Ç–æ –∫–∞–∫-—Ç–æ –Ω–µ–ø—Ä–∞–≤–∏–ª—å–Ω–æ –≤ 2024 –≥–æ–¥—É, –Ω–µ—Å–æ–ª–∏–¥–Ω–æ.
–¢–µ–ø–µ—Ä—å –∑–∞ –≤—ã—Ä–∞—â–∏–≤–∞–Ω–∏–µ —Å–æ–±–∞–∫, –ø—Ä–æ–¥–∞–∂—É –∏ –∏—Ö —É–ø–æ—Ç—Ä–µ–±–ª–µ–Ω–∏–µ –≤ –ø–∏—â—É –≥—Ä–æ–∑—è—Ç —Å—Ä–æ–∫–æ–º –¥–æ 3-—Ö –ª–µ—Ç –∏–ª–∏ —à—Ç—Ä–∞—Ñ–æ–º –¥–æ 30 –º–ª–Ω. –≤–æ–Ω, —á—Ç–æ —Å–æ—Å—Ç–∞–≤–ª—è–µ—Ç –±–æ–ª–µ–µ 2 –º–ª–Ω. —Ä—É–±–ª–µ–π. –í–æ—Ç —Ç–∞–∫.

–í –Æ–∂–Ω–æ–π –ö–æ—Ä–µ–µ –Ω–∞—Å—á–∏—Ç—ã–≤–∞–µ—Ç—Å—è –æ–∫–æ–ª–æ 1150 —Å–æ–±–∞—á—å–∏—Ö —Ñ–µ—Ä–º –∏ 1600 —Ä–µ—Å—Ç–æ—Ä–∞–Ω–æ–≤, –∫–æ—Ç–æ—Ä—ã–µ –ø—Ä–æ–¥–∞—é—Ç —Å–æ–±–∞—á—å–µ –º—è—Å–æ. –î–ª—è –Ω–∏—Ö –≤–ª–∞—Å—Ç–∏ –ø—Ä–µ–¥—É—Å–º–æ—Ç—Ä–µ–ª–∏ —Å—É–±—Å–∏–¥–∏–∏, –ø—Ä–∏–∑–≤–∞–Ω–Ω—ã–µ –ø–æ–º–æ—á—å —Å–º–µ–Ω–∏—Ç—å —Ä–æ–¥ –¥–µ—è—Ç–µ–ª—å–Ω–æ—Å—Ç–∏. 
–ù–∞–ø—Ä–∏–º–µ—Ä, –Ω–∞ –ø—Ä–æ–¥–∞–∂—É —Ö–æ—Ç-–¥–æ–≥–æ–≤.

@aviasales"
@aviasales,https://t.me/aviasales/8555,2024-01-09 09:13:01,"–ß—Ç–æ –ø–æ–µ—Å—Ç—å –Ω–∞ –ü—Ö—É–∫–µ—Ç–µ. 
 
–ò—Ç–∞–∫, –≤—ã –Ω–∞ –ü—Ö—É–∫–µ—Ç–µ, —É–∂–µ —Å—ä–µ–∑–¥–∏–ª–∏ –∫ –±–æ–ª—å—à–æ–º—É –ë—É–¥–¥–µ, –ø–æ–∑–Ω–∞–∫–æ–º–∏–ª–∏—Å—å —Å –æ–±–µ–∑—å—è–Ω–∫–∞–º–∏ –Ω–∞ –ú–∞–Ω–∫–∏-—Ö–∏–ª–ª –∏ –æ–±—ä–µ–ª–∏—Å—å –ø–∞–¥-—Ç–∞—è –Ω–∞ –Ω–æ—á–Ω–æ–º —Ä—ã–Ω–∫–µ. –ß—Ç–æ –¥–∞–ª—å—à–µ? 
 
–ú–æ–∂–µ—Ç–µ –æ–±—ä–µ—Å—Ç—å—Å—è –µ—â—ë —á–µ–º-–Ω–∏–±—É–¥—å. 
 
–í–æ—Ç, –Ω–∞–ø—Ä–∏–º–µ—Ä: 
 
‚ñ™ –ó–∞–∫—É—Å–∫–∞ Lo Bah 
 
–ü–æ–∫–∞ –≤—ã –º–æ–¥–Ω–∏—á–∞–µ—Ç–µ —Å –∞–≤–æ–∫–∞–¥–æ-—Ç–æ—Å—Ç–æ–º, —Ç–∞–π—Ü—ã —Ö–∞—Ä–¥–∫–æ—Ä–Ω–æ –∑–∞–≤—Ç—Ä–∞–∫–∞—é—Ç —Å–≤–∏–Ω—ã–º–∏ —Å—É–±–ø—Ä–æ–¥—É–∫—Ç–∞–º–∏. –ü—Ä–∏–ø—Ä–∞–≤–ª–µ–Ω–Ω—ã–µ —É—à–∏, —è–∑—ã–∫ –∏ –≤–Ω—É—Ç—Ä–µ–Ω–Ω–∏–µ –æ—Ä–≥–∞–Ω—ã —Ç—É—à–∞—Ç –≤ —Å–æ–µ–≤–æ–º —Å–æ—É—Å–µ, –∞ –ø–æ—Ç–æ–º –æ–±–∂–∞—Ä–∏–≤–∞—é—Ç –¥–æ —Ö—Ä—É—Å—Ç–∞. –ö–∏—Å–ª–æ-—Å–ª–∞–¥–∫–∞—è –∑–∞–ø—Ä–∞–≤–∫–∞ —á–∏–ª–∏ –∏ —Ç–æ–ø–∏–Ω–≥–∏ –∏–¥—É—Ç –≤ –∫–æ–º–ø–ª–µ–∫—Ç–µ: —á–µ—Ä–µ–¥—É–π—Ç–µ –º—è—Å–Ω—ã–µ –∫—É—Å–æ—á–∫–∏ —Å–æ —Å–≤–µ–∂–∏–º –æ–≥—É—Ä—Ü–æ–º –∏ —Ç–æ—Ñ—É. 
 
‚ñ™ –°–≤–∏–Ω–∏–Ω–∞ Moo Hong 
 
–í–∞—Ä–µ–Ω—å–µ –∏–∑ —Å–≤–∏–Ω–∏–Ω—ã –∑–∞–∫–∞–∑—ã–≤–∞–ª–∏? –ü—Ä–∏–≤—ã—á–∫—É –∫–∞—Ä–∞–º–µ–ª–∏–∑–∏—Ä–æ–≤–∞—Ç—å –º—è—Å–æ –ø—Ä–∏–≤–µ–∑–ª–∏ –≤ –¢–∞–∏–ª–∞–Ω–¥ –∫–∏—Ç–∞–π—Å–∫–∏–µ –ø–µ—Ä–µ—Å–µ–ª–µ–Ω—Ü—ã. –ü–æ –∫–ª–∞—Å—Å–∏–∫–µ –∂–∏—Ä–Ω—É—é –≥—Ä—É–¥–∏–Ω–∫—É –º–µ–¥–ª–µ–Ω–Ω–æ —Ç—É—à–∞—Ç –≤ –ø–∞—Å—Ç–µ –∏–∑ —Å–æ–µ–≤–æ–≥–æ —Å–æ—É—Å–∞, —Å–∞—Ö–∞—Ä–∞ –∏ —Å–ø–µ—Ü–∏–π, –Ω–æ —É –∫–∞–∂–¥–æ–π –∑–∞–±–µ–≥–∞–ª–æ–≤–∫–∏ –µ—Å—Ç—å —Å–≤–æ–π —Å–µ–∫—Ä–µ—Ç–Ω—ã–π —Ä–µ—Ü–µ–ø—Ç. –í—Å–µ —Ä–∞–∑–ª–∏—á–∏—è –∏—â–∏—Ç–µ –≤ –±—É–ª—å–æ–Ω–µ: –µ–≥–æ —É–≤–∞—Ä–∏–≤–∞—é—Ç –¥–æ –≥—É—Å—Ç–æ–≥–æ —Å–∏—Ä–æ–ø–∞ –∏–ª–∏ –¥–µ–ª–∞—é—Ç –±–æ–ª–µ–µ –æ—Å—Ç—Ä—ã–º. 
 
‚ñ™ –†—É–ª–µ—Ç–∏–∫–∏ Popiah 
 
–ü—Ö—É–∫–µ—Ç—Å–∫–∞—è –≤–µ—Ä—Å–∏—è —Å–ø—Ä–∏–Ω–≥-—Ä–æ–ª–ª–æ–≤. –í –±–ª–∏–Ω—á–∏–∫–∏ –∏–∑ –ª—ë–≥–∫–æ–≥–æ —Ç–µ—Å—Ç–∞ –∑–∞–≤–æ—Ä–∞—á–∏–≤–∞—é—Ç –≤—Å—ë, —á—Ç–æ –ø–æ–ø–∞–¥—ë—Ç—Å—è –ø–æ–¥ —Ä—É–∫—É. –í—ã–±–∏—Ä–∞–π—Ç–µ –æ–ø—Ü–∏–∏ —Å —É—Ç–∫–æ–π –ø–æ-–ø–µ–∫–∏–Ω—Å–∫–∏, –æ–º–ª–µ—Ç–æ–º, –∫—Ä–µ–≤–µ—Ç–∫–∞–º–∏ –∏ –¥–∞–∂–µ –∫—Ä–∞–±–æ–º. –ó–∞ —Ö—Ä—É—Å—Ç –≤ —Ä—É–ª–µ—Ç–∏–∫–∞—Ö –æ—Ç–≤–µ—á–∞—é—Ç –∞—Ä–∞—Ö–∏—Å –∏ —Å–≤–∏–Ω—ã–µ —à–∫–≤–∞—Ä–∫–∏, –∑–∞ —Å–≤–µ–∂–∏–π –≤–∫—É—Å ‚Äî –∫—É—á–∞ –æ–≤–æ—â–µ–π –∏ —Å–ª–∞–¥–∫–∏–π –≥—É—Å—Ç–æ–π —Å–æ—É—Å. 
 
‚ñ™ –ù–∞ –¥–µ—Å–µ—Ä—Ç Oh aew 
 
–ì—Ä—É–∑–∏–Ω—ã –∏–∑ –∫—Ä–∞—Å–Ω–æ–π —Ñ–∞—Å–æ–ª–∏ –¥–µ–ª–∞—é—Ç –ª–æ–±–∏–æ, –∞ —Ç–∞–π—Ü—ã ‚Äî –º–µ—Å—Ç–Ω—É—é –≤–µ—Ä—Å–∏—é –º–æ—Ä–æ–∂–µ–Ω–æ–≥–æ. –ù–µ —É–¥–∏–≤–ª—è–π—Ç–µ—Å—å: –≤ —Ç–∞—Ä–µ–ª–∫–µ —Ç–∞–∫–∂–µ –Ω–∞–π–¥—ë—Ç–µ –∂–µ–ª–µ –∏–∑ –±–∞–Ω–∞–Ω–æ–≤–æ–≥–æ –∫—Ä–∞—Ö–º–∞–ª–∞, –∫–æ–ª–æ—Ç—ã–π –ª—ë–¥ –∏ –º–Ω–æ–≥–æ —Å–ª–∞–¥–∫–æ–≥–æ —Å–∏—Ä–æ–ø–∞. –ï—Å–ª–∏ –∑–∞—Ö–æ—á–µ—Ç—Å—è –±–æ–ª—å—à–µ –≤–∏—Ç–∞–º–∏–Ω–æ–≤, –ø–æ–ø—Ä–æ—Å–∏—Ç–µ –¥–æ–±–∞–≤–∏—Ç—å –∫—É—Å–æ—á–∫–∏ —Ñ—Ä—É–∫—Ç–æ–≤ –∏ —Å–±—Ä—ã–∑–Ω—É—Ç—å —ç—Ç—É –∏–Ω—Å—É–ª–∏–Ω–æ–≤—É—é –±–æ–º–±—É —Å–æ–∫–æ–º –ª–∞–π–º–∞. 
 
–ù—É –∞ –∫—É–¥–∞ —Ç–∞–º —Å—Ö–æ–¥–∏—Ç—å, —á—Ç–æ –ø–æ—Å–º–æ—Ç—Ä–µ—Ç—å, –≥–¥–µ –∂–∏—Ç—å, –ø–ª—è–∂–∏, –æ–ø—è—Ç—å –∂–µ ‚Äî –≤—Å—ë –≤ –Ω–∞—à–µ–º —Å–µ—Ä–≤–∏—Å–µ ¬´–ö–æ—Ä–æ—á–µ –æ –≥–æ—Ä–æ–¥–∞—Ö¬ª. 
 
–í–æ—Ç —Å–º–æ—Ç—Ä–∏—Ç–µ: https://i.avs.io/2pY-LhCK"
@aviasales,https://t.me/aviasales/8554,2024-01-09 07:01:03,"–•–æ—Ç–∏—Ç–µ –æ—Ç–¥–æ—Ö–Ω—É—Ç—å –±–µ–∑ —à—É–º–∞, –∑–∞–∑—ã–≤–∞–ª, –æ–±–º–∞–Ω—â–∏–∫–æ–≤, –Ω–æ —Å –∫—Ä–∞—Å–∏–≤—ã–º–∏ –≤–∏–¥–∞–º–∏, –ª–æ–∫–∞—Ü–∏—è–º–∏ –¥–ª—è —Ñ–æ—Ç–æ –∏ –≤–∫—É—Å–Ω—ã–º–∏ –∫–æ–∫—Ç–µ–π–ª—è–º–∏? 
–ü–æ–µ–∑–∂–∞–π—Ç–µ –≤ –†—è–∑–∞–Ω—å. 

–•–æ—Ç—è –ª–∞–¥–Ω–æ, –≤ –°—Ç–∞–º–±—É–ª–µ —Ç–æ–∂–µ –º–æ–∂–Ω–æ –ø—Ä–∏–±–ª–∏–∑–∏—Ç—å—Å—è –∫ —ç—Ç–æ–º—É –Ω–µ–¥–æ—Å—Ç–∏–∂–∏–º–æ–º—É –∏–¥–µ–∞–ª—É. 
 
–í–æ—Ç –≤–∞–º —Å—Ç–∞—Ç—å—è –ø—Ä–æ –ø—Ä–∏—è—Ç–Ω—ã–µ —Ä–∞–π–æ–Ω—ã –°—Ç–∞–º–±—É–ª–∞: https://i.avs.io/2oE7rnsD"
@aviasales,https://t.me/aviasales/8546,2024-01-08 15:01:06,"–ü—Ä–æ—Å–Ω—É–ª–∏—Å—å –≤—ã —Ç–∞–∫–∏–µ 8 —è–Ω–≤–∞—Ä—è, –∞ —É –≤–∞—Å –Ω–∞ –±–∞–ª–∫–æ–Ω–µ —Å—Ç–æ–∏—Ç —Å–Ω–æ—É–±–æ—Ä–¥.  
 
–°—Ç–æ–∏—Ç —Ç–∞–∫–æ–π –≥—Ä—É—Å—Ç–Ω—ã–π –º–µ–∂–¥—É —Å—É—à–∏–ª–∫–æ–π –¥–ª—è –±–µ–ª—å—è –∏ —Ç—ë—â–∏–Ω—ã–º–∏ –∑–∞–∫–∞—Ç–∫–∞–º–∏ –∏ –ø–æ–¥–≥–ª—è–¥—ã–≤–∞–µ—Ç –∑–∞ –≤–∞–º–∏, –∫–æ–≥–¥–∞ –≤—ã —É–∂–µ –¥–æ–µ–¥–∏—Ç–µ —Å–∞–ª–∞—Ç—ã –∏ –±—É–¥–µ—Ç–µ –∏—Å–∫–∞—Ç—å –±–∏–ª–µ—Ç—ã –æ–¥–Ω—É –∏–∑ –≥–æ—Ä–Ω–æ–ª—ã–∂–µ–∫ –∏–∑ –Ω–∞—à–µ–π –ø–æ–¥–±–æ—Ä–∫–∏.
 
–ê —Ç–∞–º, –º–µ–∂–¥—É –ø—Ä–æ—á–∏–º, 13 –ª—É—á—à–∏—Ö –≥–æ—Ä–Ω–æ–ª—ã–∂–µ–∫  —Å–æ –≤—Å—è–∫–∏–º–∏ –Ω—É–∂–Ω—ã–º–∏ –ª–æ–∫–∞—Ü–∏—è–º–∏ –¥–ª—è –æ—Ç–¥—ã—Ö–∞, —Å–æ–≤–µ—Ç–∞–º–∏ –æ—Ç –º–µ—Å—Ç–Ω—ã—Ö –∏–Ω—Å—Ç—Ä—É–∫—Ç–æ—Ä–æ–≤ –æ —Ç–æ–º, –∫—É–¥–∞ –ø–æ–π—Ç–∏, —á—Ç–æ –ø–æ–¥–µ–ª–∞—Ç—å, –∏ –ø–æ–ª–µ–∑–Ω—ã–º–∏ —Å–µ–∫—Ä–µ—Ç–Ω—ã–º–∏ —Ñ–∏—à–µ—á–∫–∞–º–∏ –¥–ª—è –Ω–æ–≤–∏—á–∫–æ–≤ –∏ —Å—Ç–∞—Ä–∏—á–∫–æ–≤. 
 
–•–æ—Ç–∏—Ç–µ ‚Äî –∫–∞—Ç–∞–π—Ç–µ—Å—å, —Ö–æ—Ç–∏—Ç–µ ‚Äî –≤ —Å–ø–∞. –ù–æ–º–µ—Ä–∞ –≤ –æ—Ç–µ–ª—è—Ö —Å –≤–∏–¥–∞–º–∏ –Ω–∞ –≥–æ—Ä—ã, –æ–ø—è—Ç—å –∂–µ. 
–ö–æ—Ä–æ—á–µ, –≤—ã–±–∏—Ä–∞–π—Ç–µ, –∫–æ—Ç–æ—Ä–∞—è –≤–∞–º –±–æ–ª—å—à–µ –Ω—Ä–∞–≤–∏—Ç—Å—è."
@aviasales,https://t.me/aviasales/8545,2024-01-08 12:02:03,"–ö–∞–∫-—Ç–æ —Ö–æ–ª–æ–¥–Ω–æ–≤–∞—Ç–æ, –¥–∞? –î–∞. 
 
–ü–æ—ç—Ç–æ–º—É –≤–æ—Ç –≤–∞–º 12 —Å—Ç—Ä–∞–Ω, –∫—É–¥–∞ –º–æ–∂–Ω–æ –±—É–¥–µ—Ç –ø–æ–µ—Ö–∞—Ç—å –Ω–∞ –º–æ—Ä–µ —ç—Ç–æ–π –∑–∏–º–æ–π. 
 
–¢–∞–º —Ç–µ–ø–ª–æ, —Å–≤–µ–∂–∏–µ —Ñ—Ä—É–∫—Ç—ã, —à–≤–µ–¥—Å–∫–∏–π —Å—Ç–æ–ª, —Ä–∞–∫—É—à–∫–∏ –≤ –º–æ—Ä–µ, –∫–æ–∫–æ—Å—ã –Ω–∞ –ø–∞–ª—å–º–∞—Ö. –ì–¥–µ-—Ç–æ —Ç—É—Å–æ–≤–∫–∏, –≥–¥–µ-—Ç–æ –ø–æ—Å–ø–æ–∫–æ–π–Ω–µ–µ. –ü—Ä–æ –∫–∞–∂–¥—É—é —Å—Ç—Ä–∞–Ω—É —Ä–∞—Å–ø–∏—Å–∞–ª–∏ –≤–∫—Ä–∞—Ç—Ü–µ. 
 
–ß–∏—Ç–∞–π—Ç–µ –≤–æ—Ç —Ç—É—Ç: https://i.avs.io/LtnIl1bo"
@aviasales,https://t.me/aviasales/8544,2024-01-08 09:10:12,"–ê –≤ –ê–º—Å—Ç–µ—Ä–¥–∞–º–µ —Å–æ–±–∏—Ä–∞—é—Ç—Å—è –ø–µ—Ä–µ–Ω–µ—Å—Ç–∏ ¬´–∫–≤–∞—Ä—Ç–∞–ª –∫—Ä–∞—Å–Ω—ã—Ö —Ñ–æ–Ω–∞—Ä–µ–π¬ª.

–†–∞–π–æ–Ω –î–µ –í–∞–ª–ª–µ–Ω –∏–∑–≤–µ—Å—Ç–µ–Ω –≤—Å–µ–º—É –º–∏—Ä—É, –∏–º–µ–µ—Ç –∏—Å—Ç–æ—Ä–∏–∫–æ-–∫—É–ª—å—Ç—É—Ä–Ω—É—é —Ü–µ–Ω–Ω–æ—Å—Ç—å –∏ –ø—Ä–∏–≤–ª–µ–∫–∞—Ç–µ–ª–µ–Ω –¥–ª—è —Ç—É—Ä–∏—Å—Ç–æ–≤, –Ω–æ –∞–¥–º–∏–Ω–∏—Å—Ç—Ä–∞—Ü–∏—è –≥–æ—Ä–æ–¥–∞ –≤—Å—ë —Ä–∞–≤–Ω–æ —Å–æ–±–∏—Ä–∞–µ—Ç—Å—è –µ–≥–æ –ø–µ—Ä–µ–Ω–µ—Å—Ç–∏. –ê –∏–º–µ–Ω–Ω–æ –ø–æ—Å—Ç—Ä–æ–∏—Ç—å –Ω–∞ —é–∂–Ω–æ–π –æ–∫—Ä–∞–∏–Ω–µ –≥–æ—Ä–æ–¥–∞ –º–Ω–æ–≥–æ—ç—Ç–∞–∂–Ω—ã–π —ç—Ä–æ—Ç–∏—á–µ—Å–∫–∏–π —Ü–µ–Ω—Ç—Ä —Å –±–µ—Å–ø–ª–∞—Ç–Ω—ã–º wi-fi –∏ –±–∞—Ö–∏–ª–∞–º–∏.

–ü–æ—á–µ–º—É —Ç–∞–∫? –ù—É, –≤–æ-–ø–µ—Ä–≤—ã—Ö, —ç—Ç–æ –∫–∞–∫ —á–∞—Å—Ç—å –ø—Ä–æ–≥—Ä–∞–º–º—ã, –Ω–∞–ø—Ä–∞–≤–ª–µ–Ω–Ω–æ–π –Ω–∞ —Ä–µ—à–µ–Ω–∏–µ –ø—Ä–æ–±–ª–µ–º—ã –ø–µ—Ä–µ–Ω–∞—Å—ã—â–µ–Ω–∏—è —Ç—É—Ä–∏—Å—Ç–∞–º–∏.

–ê –≤–æ-–≤—Ç–æ—Ä—ã—Ö, –≤–æ–∑–º–æ–∂–Ω–æ, –æ—Ç—Ç—É–¥–∞ –∫–æ–º—É-—Ç–æ –∏–∑ –∞–¥–º–∏–Ω–∏—Å—Ç—Ä–∞—Ü–∏–∏ –ø—Ä–æ—Å—Ç–æ –±–ª–∏–∂–µ –±—É–¥–µ—Ç –¥–æ–±–∏—Ä–∞—Ç—å—Å—è.

–¢–∞–∫ —á—Ç–æ –≤—Å—ë –∫ –ª—É—á—à–µ–º—É."
@aviasales,https://t.me/aviasales/8543,2024-01-08 07:57:22,"—Ç–∞–∫, –Ω—É —á—Ç–æ, —É –∫–æ–≥–æ –∫–∞–∫–∏–µ –∏—Ç–æ–≥–∏ 2024 –≥–æ–¥–∞?"
@aviasales,https://t.me/aviasales/8540,2024-01-07 13:14:02,"–û–¥–∏–Ω –∑–∞–≥—Ä–∞–Ω ‚Äî —Ö–æ—Ä–æ—à–æ, –Ω–æ –¥–≤–∞ –ª—É—á—à–µ. 
 
–ù—É –≤–æ-–ø–µ—Ä–≤—ã—Ö, —ç—Ç–æ —É–¥–æ–±–Ω–æ. –ú–æ–∂–Ω–æ –æ–¥–∏–Ω –∫–æ—Ñ–µ–π–∫–æ–º –∑–∞–ª–∏—Ç—å –∏–ª–∏ –ø–æ—Ç–µ—Ä—è—Ç—å, –∏–ª–∏ –∏ —Ç–æ, –∏ –¥—Ä—É–≥–æ–µ. –í–æ–∑–º–æ–∂–Ω–æ—Å—Ç–∏ –±–µ–∑–≥—Ä–∞–Ω–∏—á–Ω—ã. 
 
–í–æ-–≤—Ç–æ—Ä—ã—Ö, –≤–∞–º –≤—Å—ë —Ä–∞–≤–Ω–æ –¥–æ–º–∞ –¥–µ–ª–∞—Ç—å –Ω–µ—á–µ–≥–æ, –≤–æ—Ç —Å—Ç–∞—Ç—å—é –ø–æ—á–∏—Ç–∞–π—Ç–µ –∏ –ø–æ–∫–∞ –≤—Å–µ –æ—Ç–¥—ã—Ö–∞—é—Ç –≤—Å–ø–æ–º–Ω–∏—Ç–µ –ø–∞—Ä–æ–ª—å –Ω–∞ –ì–æ—Å—É—Å–ª—É–≥–∞—Ö: i.avs.io/ZWBmbABX"
@aviasales,https://t.me/aviasales/8538,2024-01-06 09:08:02,"–ß–µ–º —Å–µ–π—á–∞—Å –∑–∞–Ω–∏–º–∞–µ—Ç—Å—è –æ–±—ã—á–Ω—ã–π —Ñ–µ—Ä–º–µ—Ä –∏–∑ –ö—Ä–∞—Å–Ω–æ–¥–∞—Ä—Å–∫–æ–≥–æ –∫—Ä–∞—è?

–û–Ω —Å–ª–∞–¥–∫–æ –ø—Ä–∏–∫—É—Ä–∏–≤–∞–µ—Ç —Å–∏–≥–∞—Ä—É –æ—Ç —Å—Ç–æ–¥–æ–ª–ª–∞—Ä–æ–≤–æ–π –∫—É–ø—é—Ä—ã –∏ –≥—É—Å—Ç–æ –≤—ã–¥—ã—Ö–∞–µ—Ç –¥—ã–º –≤ —Å—Ç–æ—Ä–æ–Ω—É –ø–æ—é—â–µ–π –¢–µ–π–ª–æ—Ä –°–≤–∏—Ñ—Ç –Ω–∞ –∫–æ—Ä–ø–æ—Ä–∞—Ç–∏–≤–µ, –æ–ø–ª–∞—á–µ–Ω–Ω–æ–º –∏–∑ –¥–µ–Ω–µ–≥, –∑–∞—Ä–∞–±–æ—Ç–∞–Ω–Ω—ã—Ö –Ω–∞ –ø—Ä–æ–¥–∞–∂–µ –∫—É—Ä–∏–Ω—ã—Ö —è–∏—Ü.

–ê –≤ —ç—Ç–æ –≤—Ä–µ–º—è –≤ –¢–∞–∏–ª–∞–Ω–¥–µ, –≤ –ø—Ä–æ–≤–∏–Ω—Ü–∏–∏ –ß–∏–∞–Ω–≥—Ä–∞–π, –µ–≥–æ –∫–æ–ª–ª–µ–≥–∞ —Å–∞–∂–∞–µ—Ç —Ä–∏—Å–æ–≤—ã–µ –ø–æ–ª—è –≤ —Ñ–æ—Ä–º–µ –∫–æ—Ç–∏–∫–æ–≤. –û–Ω –∏ –µ–≥–æ –ø–æ–º–æ—â–Ω–∏–∫–∏ –¥–µ–ª–∞—é—Ç GPS-–º–µ—Ç–∫–∏, –ø–æ –∫–æ—Ç–æ—Ä—ã–º –ø–æ—Ç–æ–º –∏ –æ—Ä–∏–µ–Ω—Ç–∏—Ä—É—é—Ç—Å—è –≤–æ –≤—Ä–µ–º—è –ø–æ—Å–∞–¥–∫–∏ —Å–µ–º—è–Ω.

–°—Ç–∞–≤–∏–º –ª–∞–π–∫–∏, –Ω–æ —Ç–æ–ª—å–∫–æ —Ç–∏—Ö–æ. –ö–æ—Ç–∏–∫ —Å–ø–∏—Ç."
@aviasales,https://t.me/aviasales/8532,2024-01-05 10:12:28,"2024 –≥–æ–¥ —É–∂–µ –Ω–∞—Å—Ç—É–ø–∏–ª. –ù—É –∏ —Ö–æ—Ä–æ—à–æ.
–î–∞–≤–∞–π—Ç–µ —Ç–µ–ø–µ—Ä—å –ø–æ—Å–º–æ—Ç—Ä–∏–º, —á–µ–≥–æ –æ—Ç –Ω–µ–≥–æ –∂–¥–∞—Ç—å.

–ü–æ —ç—Ç–æ–º—É —Å–ª—É—á–∞—é —É –Ω–∞—Å –µ—Å—Ç—å –≥–æ—Ä–æ—Å–∫–æ–ø —Å –°–∞–º–æ–ª—ë—à–µ–π, –∫–æ—Ç–æ—Ä—ã–π –ø–æ —Å–∏—Å—Ç–µ–º–µ –°—Ç–∞–Ω–∏—Å–ª–∞–≤—Å–∫–æ–≥–æ –ø–µ—Ä–µ–≤–æ–ø–ª–æ—Ç–∏–ª—Å—è –≤ –∫–∞–∂–¥—ã–π –∑–Ω–∞–∫ –ó–æ–¥–∏–∞–∫–∞, —á—Ç–æ–±—ã –ø–æ–≤–µ–¥–∞—Ç—å –Ω–∞–º –æ –≥—Ä—è–¥—É—â–µ–º.

–°–º–æ—Ç—Ä–∏–º, –∑–∞–ø–æ–º–∏–Ω–∞–µ–º, –¥–µ–ª–∏–º—Å—è —Å –¥—Ä—É–∑—å—è–º–∏!"
@aviasales,https://t.me/aviasales/8526,2024-01-05 10:12:28,–ê –≤–æ—Ç –∏ –≤—Ç–æ—Ä–∞—è —á–∞—Å—Ç—å –≥–æ—Ä–æ—Å–∫–æ–ø–∞
@aviasales,https://t.me/aviasales/8525,2024-01-04 12:58:40,"–•–æ—Ç–∏—Ç–µ –ø–æ–∫–∞—Ç–∞—Ç—å—Å—è –Ω–∞ –ª—ã–∂–∞—Ö –±–µ–∑ –≤–∏–∑—ã? 
 
–î–∞ –Ω–µ—Ç –∂–µ, –º—ã –Ω–µ –ø—Ä–æ –Ω–µ–∑–∞–∫–æ–Ω–Ω–æ–µ –ø–µ—Ä–µ—Å–µ—á–µ–Ω–∏–µ –≥—Ä–∞–Ω–∏—Ü—ã —Å –§–∏–Ω–ª—è–Ω–¥–∏–µ–π —á–µ—Ä–µ–∑ –ª–µ—Å. –≠—Ç–æ –≤ –¥—Ä—É–≥–æ–π —Å—Ç–∞—Ç—å–µ –±—É–¥–µ—Ç. 
 
–ú—ã –ø—Ä–æ –∑–∞—Ä—É–±–µ–∂–Ω—ã–µ –≥–æ—Ä–Ω–æ–ª—ã–∂–∫–∏, –∫—É–¥–∞ –Ω–µ –Ω—É–∂–Ω–∞ –≤–∏–∑–∞. 
–¢—É—Ç –∏ –¥–ª—è –Ω–æ–≤–∏—á–∫–æ–≤, –∏ –¥–ª—è –ø—Ä–æ—Ñ–µ—Å—Å–∏–æ–Ω–∞–ª–æ–≤, –¥–∞ –∏ –≤–æ–æ–±—â–µ –≤–æ–∑–¥—É—Ö–æ–º –ø–æ–¥—ã—à–∞—Ç—å. 
 
–ß–∏—Ç–∞–µ–º –Ω–∞ –ü–°–ñ–†: i.avs.io/Dq-C_rL1"
@aviasales,https://t.me/aviasales/8524,2024-01-03 14:04:01,"–ü—Ä–æ—Å–Ω—É—Ç—å—Å—è –≤ –¥—Ä—É–≥–æ–π —Å—Ç—Ä–∞–Ω–µ? üòç

–ó–≤—É—á–∏—Ç –∫–∞–∫ –Ω–∞—á–∞–ª–æ —É–≤–ª–µ–∫–∞—Ç–µ–ª—å–Ω–æ–π –∏—Å—Ç–æ—Ä–∏–∏. 

–ú—ã —Å–µ–π—á–∞—Å —Ä–∞—Å—Å–∫–∞–∂–µ–º –≤–∞–º –ø—Ä–æ –æ–¥–∏–Ω –≤–∏–¥–∂–µ—Ç –≤ –Ω–∞—à–µ–º –ø—Ä–∏–ª–æ–∂–µ–Ω–∏–∏, –∫–æ—Ç–æ—Ä—ã–π –Ω–∞–∑—ã–≤–∞–µ—Ç—Å—è ¬´–≥–æ—Ä—è—á–∏–µ –±–∏–ª–µ—Ç—ã¬ª. –ê –≤—ã —É–∂–µ —Å–∞–º–∏ —Ä–µ—à–∞–π—Ç–µ —á—Ç–æ –¥–µ–ª–∞—Ç—å —Å —ç—Ç–æ–π –∏–Ω—Ñ–æ—Ä–º–∞—Ü–∏–µ–π.

–í –æ–±—â–µ–º, –≤–∏–¥–∂–µ—Ç –æ–±–Ω–æ–≤–ª—è–µ—Ç—Å—è –∫–∞–∂–¥—ã–π –¥–µ–Ω—å (–¥–∞–∂–µ –≤ –ø—Ä–∞–∑–¥–Ω–∏–∫–∏). –¢–∞–º –ø—É–±–ª–∏–∫—É—é—Ç—Å—è –±–∏–ª–µ—Ç—ã –ø–æ –†–æ—Å—Å–∏–∏ –∏ –∑–∞ –≥—Ä–∞–Ω–∏—Ü—É –Ω–∞ –±–ª–∏–∂–∞–π—à–∏–µ 30 –¥–Ω–µ–π, –∫–æ—Ç–æ—Ä—ã–µ –¥–µ—à–µ–≤–ª–µ –Ω–µ –º–µ–Ω–µ–µ —á–µ–º –Ω–∞ 10% —Å–≤–æ–µ–π —Å—Ä–µ–¥–Ω–µ–º–µ—Å—è—á–Ω–æ–π —Ü–µ–Ω—ã. –ú–æ–∂–Ω–æ —Å–ø–æ–Ω—Ç–∞–Ω–Ω–æ —Å–ª–µ—Ç–∞—Ç—å –∫—É–¥–∞-–Ω–∏–±—É–¥—å –æ—á–µ–Ω—å –≤—ã–≥–æ–¥–Ω–æ."
@aviasales,https://t.me/aviasales/8523,2024-01-03 10:48:02,"–í–∏–∑—ã-—à–º–∏–∑—ã, –±—é—Ä–æ–∫—Ä–∞—Ç–∏—è —ç—Ç–∞ –≤—Å—è. –û–Ω–æ –≤–∞–º –Ω–∞–¥–æ? 
  
–í–æ—Ç –¥–µ—Ä–∂–∏—Ç–µ 8 —Å—Ç—Ä–∞–Ω, –≤ –∫–æ—Ç–æ—Ä—ã–µ –º–æ–∂–Ω–æ –ø–æ–ª–µ—Ç–µ—Ç—å –∑–∏–º–æ–π –±–µ–∑ –≤–∏–∑—ã. –ú–æ–∂–Ω–æ –ø—Ä—è–º —Å–µ–π—á–∞—Å –ø–æ–∫–∞ –∫–∞–Ω–∏–∫—É–ª—ã. –ë–∏–ª–µ—Ç—ã –∑–Ω–∞–µ—Ç–µ –≥–¥–µ –±—Ä–∞—Ç—å. 
  
–ß–∏—Ç–∞–π—Ç–µ –≤ –ü–°–ñ–†, —á—Ç–æ –∑–∞ —Å—Ç—Ä–∞–Ω—ã –∏ —á–µ–º —Ç–∞–º –∑–∞–Ω—è—Ç—å—Å—è: i.avs.io/9IVK4_nD"
@aviasales,https://t.me/aviasales/8522,2024-01-02 10:42:50,"–î–µ—Ä–∂–∏—Ç–µ –≤–∞–º –Ω–∞—à –ø–æ–¥–∞—Ä–æ—á–µ–∫ –Ω–∞ –Ω–æ–≤—ã–π –≥–æ–¥ ‚Äî –ø–æ–¥–±–æ—Ä–∫–∏ –º–µ—Å—Ç, –≥–¥–µ –º–æ–∂–Ω–æ –∫—É–ø–∏—Ç—å –∫–ª–∞—Å—Å–Ω—ã–µ —Å—É–≤–µ–Ω–∏—Ä—ã. 

–ü–æ–∫–∞ —Ç–∞–∫–∏–µ –ø–æ–¥–±–æ—Ä–∫–∏ –µ—Å—Ç—å –≤:

–ú–æ—Å–∫–≤–µ
–°–∞–Ω–∫—Ç-–ü–µ—Ç–µ—Ä–±—É—Ä–≥–µ
–ö–∞–ª–∏–Ω–∏–Ω–≥—Ä–∞–¥–µ
–ï–∫–∞—Ç–µ—Ä–∏–Ω–±—É—Ä–≥–µ
–°–æ—á–∏
–ú—É—Ä–º–∞–Ω—Å–∫–µ

–Ω–æ —ç—Ç–æ –ø–æ–∫–∞! –ü–æ–ª—å–∑—É–π—Ç–µ—Å—å –Ω–∞ –∑–¥–æ—Ä–æ–≤—å–µ."
@aviasales,https://t.me/aviasales/8521,2024-01-01 11:07:35,"–ù—É —á—Ç–æ, —Å –ù–æ–≤—ã–º –≥–æ–¥–æ–º –≤–∞—Å

–í—Å—ë —á—Ç–æ —Ö–æ—á–µ—Ç—Å—è –¥–µ–ª–∞—Ç—å —Å–µ–≥–æ–¥–Ω—è ‚Äî –ª—ë–∂–∞ –¥–æ–µ–¥–∞—Ç—å —Å–∞–ª–∞—Ç—ã –∏ —Å–º–æ—Ç—Ä–µ—Ç—å —Ñ–∏–ª—å–º—ã. –°–¥–µ–ª–∞–ª–∏ –¥–ª—è –≤–∞—Å –ø–æ–¥–±–æ—Ä–∫—É –∏–∑ 10 —Å–∞–º—ã—Ö –ª—é–±–∏–º—ã—Ö –∫–∏–Ω–æ—Ñ—Ä–∞–Ω—à–∏–∑: i.avs.io/HMSwVFnZ

–ß—Ç–æ –∏–∑ —ç—Ç–æ–≥–æ –±—É–¥–µ—Ç–µ —Å–º–æ—Ç—Ä–µ—Ç—å –≤ –ø–µ—Ä–≤—É—é –æ—á–µ—Ä–µ–¥—å? –ò –ø–æ—á–µ–º—É –∏–º–µ–Ω–Ω–æ –®—Ä–µ–∫?"
@aviasales,https://t.me/aviasales/8520,2023-12-31 16:15:00,"–î–æ—Ä–æ–≥–∏–µ –ø–æ–¥–ø–∏—Å—á–∏–∫–∏ –∏ –ø–æ–¥–ø–∏—Å—á–∏—Ü—ã, –≤–æ—Ç –∏ –ø–æ–¥—Ö–æ–¥–∏—Ç –∫ –∫–æ–Ω—Ü—É 2023 –≥–æ–¥. 
 
–î–∞–∂–µ –∏ –Ω–µ –≤–µ—Ä–∏—Ç—Å—è, –∫–∞–∫ –±—É–¥—Ç–æ –≤—á–µ—Ä–∞ —Ç–æ–ª—å–∫–æ –±—ã–ª 2018. –≠—Ö, –ª–µ—Ç–∏—Ç –≤—Ä–µ–º—è, –∫–æ–Ω–µ—á–Ω–æ. 
–ù–∞–¥–µ–µ–º—Å—è, –∏ –≤—ã —Ç–æ–∂–µ –ø–æ–ª–µ—Ç–∞–ª–∏ –∫—É–¥–∞-–Ω–∏–±—É–¥—å –≤ —ç—Ç–æ–º –≥–æ–¥—É. –ú–æ–∂–µ—Ç –±—ã—Ç—å, –¥–∞–∂–µ –∏ –ø–æ–ø—É—Ç–µ—à–µ—Å—Ç–≤–æ–≤–∞–ª–∏. –ú–æ–∂–µ—Ç –±—ã—Ç—å, –¥–∞–∂–µ –≤–∞–º –ø–æ–Ω—Ä–∞–≤–∏–ª–æ—Å—å. –ú–æ–∂–µ—Ç –±—ã—Ç—å, –¥–∞–∂–µ –∏ –∑–∞ –≥—Ä–∞–Ω–∏—Ü—É. 
 
–ö–∞–∫–∏–º –±—ã–ª —ç—Ç–æ –≥–æ–¥? –ù—É—É—É –∫–∞–∫ –±—ã‚Ä¶ –¥–≤–µ —Ç—ã—Å—è—á–∏ –¥–≤–∞–¥—Ü–∞—Ç—å —Ç—Ä–µ—Ç—å–∏–º. –¢–æ—á–Ω–µ–µ –∏ –Ω–µ —Å–∫–∞–∂–µ—à—å. –ì–¥–µ-—Ç–æ —Å–ª–æ–∂–Ω—ã–º, –≥–¥–µ-—Ç–æ –æ—á–µ–Ω—å —Å–ª–æ–∂–Ω—ã–º, –∞ –≥–¥–µ-—Ç–æ –Ω–µ–ø—Ä–æ—Å—Ç—ã–º. –Ø–π—Ü–∞ –¥–æ—Ä–æ–∂–∞–ª–∏, –Ω–µ–π—Ä–æ—Å–µ—Ç–∏ —É–º–Ω–µ–ª–∏, –ø–∞—Ü–∞–Ω—ã –¥–∞–≤–∞–ª–∏ —Å–ª–æ–≤–æ, —Ç–∞–∫ –∏ –≥–æ–¥ –ø—Ä–æ—à—ë–ª. 
 
–ù—É –∫–æ–Ω–µ—á–Ω–æ, –±—ã–ª–∏ –∏ –ø—Ä–∏—è—Ç–Ω—ã–µ –º–æ–º–µ–Ω—Ç—ã —Ç–æ–∂–µ. –í–æ–Ω, –Ω–∞–ø—Ä–∏–º–µ—Ä,–≤ –ö–∏—Ç–∞–π –ª–µ—Ç–∞—Ç—å —Å—Ç–∞–ª–æ –ø—Ä–æ—â–µ. 
–ê —Ç–∞–º –∏ –æ—Å—Ç–∞–ª—å–Ω–æ–π –º–∏—Ä –ø–æ–¥—Ç—è–Ω–µ—Ç—Å—è. 
 
–í–æ—Ç —Ç–∞–∫–∏–µ –¥–µ–ª–∞. –í –æ–±—â–µ–º, –∂–µ–ª–∞–µ–º –≤–∞–º –≤ –Ω–æ–≤–æ–º –≥–æ–¥—É –æ—â—É—Ç–∏—Ç—å —Ä–∞–¥–æ—Å—Ç—å –ø—É—Ç–µ—à–µ—Å—Ç–≤–∏–π –∫–∞–∫ –Ω–∏–∫–æ–≥–¥–∞ —Ä–∞–Ω—å—à–µ. –ù—É –∏–ª–∏ —Ö–æ—Ç—è –±—ã –∫–∞–∫ —Ä–∞–Ω—å—à–µ. –ê –µ—â—ë –ª—é–±–≤–∏, –¥–µ–Ω–µ–≥ –∏ –∫—Ä–∞—Å–∏–≤–æ–≥–æ –¥–∞–ª—ë–∫–æ–≥–æ –≥–æ—Ä–∏–∑–æ–Ω—Ç–∞ –ø–ª–∞–Ω–∏—Ä–æ–≤–∞–Ω–∏—è. 
 
 –° –Ω–∞—Å—Ç—É–ø–∞—é—â–∏–º!"
@aviasales,https://t.me/aviasales/8519,2023-12-31 08:17:01,"–ü–æ–Ω–∏–º–∞–µ–º, —á—Ç–æ –≤–∞–º —Å–µ–π—á–∞—Å –Ω–∞–≤–µ—Ä–Ω–æ–µ –Ω–µ –¥–æ —á—Ç–µ–Ω–∏—è —Å—Ç–∞—Ç–µ–π. –ü–æ–¥–∞—Ä–∫–∏, –ø—Ä–æ–¥—É–∫—Ç—ã, —Å–∞–ª–∞—Ç—ã. –ù–æ –∑–Ω–∞–µ—Ç–µ, –æ—Ç–≤–ª–µ—á—å—Å—è –Ω–∞ 5 –º–∏–Ω—É—Ç –æ—Ç —ç—Ç–æ–π –≤—Å–µ–π —Å—É–µ—Ç—ã –Ω–µ –ø–æ–º–µ—à–∞–µ—Ç.

–ú—ã —Ç—É—Ç —Å–æ–±—Ä–∞–ª–∏ –∏—Å—Ç–æ—Ä–∏–∏ –æ—Ç –ø–æ–¥–ø–∏—Å—á–∏–∫–æ–≤ –∏ —Å–æ—Ç—Ä—É–¥–Ω–∏–∫–æ–≤ –ê–≤–∏–∞—Å–µ–π–ª—Å —Å —Å–∞–º—ã–º–∏ –Ω–µ–æ–±—ã—á–Ω—ã–º–∏ –ø—Ä–∞–∑–¥–Ω–æ–≤–∞–Ω–∏—è–º–∏ –ù–æ–≤–æ–≥–æ –≥–æ–¥–∞. –ü—Ä–æ—á–∏—Ç–∞—Ç—å –º–æ–∂–Ω–æ –∑–¥–µ—Å—å: i.avs.io/hY4CoYk0"
@aviasales,https://t.me/aviasales/8518,2023-12-30 14:53:01,–∏–Ω—Å—Ç—Ä—É–∫—Ü–∏—è –Ω–∞ 31 –¥–µ–∫–∞–±—Ä—è 23:59
@aviasales,https://t.me/aviasales/8516,2023-12-30 10:14:01,"–î–µ–¥ –ú–æ—Ä–æ–∑. 
 
–û–∂–∏–¥–∞–Ω–∏–µ: –ø—å—è–Ω—ã–π –∞–∫—Ç—ë—Ä –¢–Æ–ó–∞, –∫–æ—Ç–æ—Ä—ã–π –≤ –Ω–æ–≤–æ–≥–æ–¥–Ω—é—é –Ω–æ—á—å –∑–∞—Ä–∞–±–∞—Ç—ã–≤–∞–µ—Ç —Ç—Ä–∏ —Å–≤–æ–∏—Ö –≥–æ–¥–æ–≤—ã—Ö –∑–∞—Ä–ø–ª–∞—Ç—ã. 

–†–µ–∞–ª—å–Ω–æ—Å—Ç—å: —á—É–¥–µ—Å–Ω—ã–π –≤–æ–ª—à–µ–±–Ω–∏–∫, –∏—Å–∫—Ä—è—â–∏–π—Å—è –¥–æ–±—Ä–æ–¥—É—à–∏–µ–º. –° –≥—É—Å—Ç–æ–π –±–æ—Ä–æ–¥–æ–π, –º–µ—à–∫–æ–º –∏ –∫—Ä–∞—Å–Ω—ã–º —á–µ–º–æ–¥–∞–Ω—á–∏–∫–æ–º, –ø—Ä–æ —Å–æ–¥–µ—Ä–∂–∏–º–æ–µ –∫–æ—Ç–æ—Ä–æ–≥–æ –æ–Ω –Ω–∞–º –∏ —Ä–∞—Å—Å–∫–∞–∑–∞–ª. 
 
–ß–∏—Ç–∞–π—Ç–µ –≤ –ü–°–ñ–†: i.avs.io/1g9Mi3A3"
@aviasales,https://t.me/aviasales/8515,2023-12-29 14:53:48,"–ø–æ–¥–ø–∏—Å—á–∏–∫–∏, –∫–æ–º—É –º–∞–Ω–¥–∞—Ä–∏–Ω–∫—É? —è –ø–æ—á–∏—Å—Ç–∏–ª"
@aviasales,https://t.me/aviasales/8513,2023-12-29 12:58:59,"–ù—É —á—Ç–æ, –∫–∞–∫ –≤–∞—à–∏ –¥–µ–ª–∞? –ó–∞–∫—Ä—ã–ª–∏ —Ä–∞–±–æ—á–∏–µ –∑–∞–¥–∞—á–∏? –ú–æ–ª–æ–¥—Ü—ã.

–£–±–µ—Ä–∏—Ç–µ —Ç–µ–ª–µ—Ñ–æ–Ω –ø–æ–¥–∞–ª—å—à–µ –Ω–∞ –º–∏–Ω—É—Ç 5, –ª—è–≥—Ç–µ –Ω–∞ –ø–æ–ª –∏ –¥—ã—à–∏—Ç–µ. –ú–æ–∂–µ—Ç–µ –ø–æ–ø–ª–∞–∫–∞—Ç—å, —Ç–æ–∂–µ –ø–æ–ª–µ–∑–Ω–æ. 

–¢–µ–ø–µ—Ä—å –≤–æ–∑—å–º–∏—Ç–µ —Ç–µ–ª–µ—Ñ–æ–Ω –æ–±—Ä–∞—Ç–Ω–æ –∏ –æ—Ç–∫—Ä–æ–π—Ç–µ –Ω–∞—à—É —Å—Ç–∞—Ç—å—é. –¢–∞–º –º—ã —Ä–∞—Å—Å–∫–∞–∑–∞–ª–∏ –ø—Ä–æ –≤–∏–ø–∞—Å—Å–∞–Ω—É, –¥–∏–¥–∂–∏—Ç–∞–ª-–¥–µ—Ç–æ–∫—Å –∏ –µ—â—ë –Ω–µ—Å–∫–æ–ª—å–∫–æ –≤–µ—â–µ–π, –∫–æ—Ç–æ—Ä—ã–µ –ø–æ–º–æ–≥—É—Ç –≤–∞–º –æ—Ç–¥–æ—Ö–Ω—É—Ç—å –≤ –Ω–æ–≤–æ–≥–æ–¥–Ω–∏–µ –∫–∞–Ω–∏–∫—É–ª—ã."
@aviasales,https://t.me/aviasales/8512,2023-12-29 10:37:22,"–ï–≤—Ä–æ–ø–∞ –ï–≤—Ä–æ–ø–∞... –î–∞ –∑–∞—á–µ–º –≤–∞–º —ç—Ç–∞ –ï–≤—Ä–æ–ø–∞?
–£ –Ω–∞—Å –ï–≤—Ä–æ–ø–∞ –¥–æ–º–∞ –µ—Å—Ç—å. 

–í–æ—Ç, –∫—Å—Ç–∞—Ç–∏, –∏ –æ–Ω–∞: i.avs.io/f6j4nHB6"
@aviasales,https://t.me/aviasales/8511,2023-12-29 07:52:31,"–ù–æ–≤–æ—Å–∏–±–∏—Ä—Å–∫ –æ—Ñ–∏—Ü–∏–∞–ª—å–Ω–æ –ø—Ä–∏–∑–Ω–∞–ª–∏ –†–æ–¥–∏–Ω–æ–π —Å–Ω–µ–∂–Ω—ã—Ö –±–∞–±‚õÑÔ∏è

–ù–µ —Å–º–µ–π—Ç–µ—Å—å ‚Äî –≤—Å—ë —Å–µ—Ä—å—ë–∑–Ω–æ! –¢–∞–∫–æ–π —Å—Ç–∞—Ç—É—Å –≥–æ—Ä–æ–¥–∞ –ø–æ–¥—Ç–≤–µ—Ä–¥–∏–ª–∏ —Å–≤–∏–¥–µ—Ç–µ–ª—å—Å—Ç–≤–æ–º –æ–± –æ—Ñ–∏—Ü–∏–∞–ª—å–Ω–æ–π –≥–æ—Å—É–¥–∞—Ä—Å—Ç–≤–µ–Ω–Ω–æ–π —Ä–µ–≥–∏—Å—Ç—Ä–∞—Ü–∏–∏ –∑–Ω–∞–∫–∞ –∏ —Å–ª–æ–≥–∞–Ω–∞ ¬´–†–æ–¥–∏–Ω–∞ —Å–Ω–µ–∂–Ω—ã—Ö –±–∞–±¬ª.

–°–æ —Å–Ω–µ–≥–æ–≤–∏–∫–∞–º–∏ –±—É–¥—É—Ç –¥–µ–ª–∞—Ç—å —Å—É–≤–µ–Ω–∏—Ä—ã, –≥–æ—Ä–æ–¥—Å–∫—É—é –∞–π–¥–µ–Ω—Ç–∏–∫—É, –∞ 4-8 —è–Ω–≤–∞—Ä—è –≤ –ø–∞—Ä–∫–µ ¬´–ê—Ä–µ–Ω–∞¬ª –ø—Ä–æ–π–¥–µ—Ç –§–µ—Å—Ç–∏–≤–∞–ª—å –°–Ω–µ–∂–Ω—ã—Ö –±–∞–±.


–∏–Ω—Ç–µ—Ä–µ—Å–Ω–æ, —Å–Ω–µ–≥–æ–≤–∏–∫–æ–≤ —Ç–µ–ø–µ—Ä—å —Ç–æ–ª—å–∫–æ –≤ –ù–æ–≤–æ—Å–∏–±–∏—Ä—Å–∫–µ –º–æ–∂–Ω–æ –ª–µ–ø–∏—Ç—å?ü§î"
@aviasales,https://t.me/aviasales/8510,2023-12-28 14:43:02,"30 –¥–µ–∫–∞–±—Ä—è ‚Äî —Å–∞–º—ã–π –∑–∞–≥—Ä—É–∂–µ–Ω–Ω—ã–π –¥–µ–Ω—å –≤ –∞—ç—Ä–æ–ø–æ—Ä—Ç–∞—Ö –ú–æ—Å–∫–≤—ã

–ú—ã —Ç—É—Ç –ø—Ä–æ–∞–Ω–∞–ª–∏–∑–∏—Ä–æ–≤–∞–ª–∏ –≤—Å–µ –≤–∞—à–∏ –±—Ä–æ–Ω–∏—Ä–æ–≤–∞–Ω–∏—è –∞–≤–∏–∞–±–∏–ª–µ—Ç–æ–≤ –∏–∑ –ú–æ—Å–∫–≤—ã —Å –≤—ã–ª–µ—Ç–æ–º –≤ –¥–µ–∫–∞–±—Ä–µ –∏ –ø–æ–Ω—è–ª–∏, —á—Ç–æ –Ω–∞ –ø–æ—Å–ª–µ–¥–Ω—é—é —Å—É–±–±–æ—Ç—É –º–µ—Å—è—Ü–∞, 30 –¥–µ–∫–∞–±—Ä—è, –∑–∞–±—Ä–æ–Ω–∏—Ä–æ–≤–∞–Ω–æ –Ω–∞ 70% –±–æ–ª—å—à–µ –∞–≤–∏–∞–±–∏–ª–µ—Ç–æ–≤, —á–µ–º –≤ —Å—Ä–µ–¥–Ω–µ–º –∑–∞ –º–µ—Å—è—Ü.

–ë–æ–ª—å—à–µ –≤—Å–µ–≥–æ –≤—ã–ª–µ—Ç–æ–≤ –≤ —ç—Ç–æ—Ç –¥–µ–Ω—å –∑–∞–ø–ª–∞–Ω–∏—Ä–æ–≤–∞–Ω–æ –∏–∑ –®–µ—Ä–µ–º–µ—Ç—å–µ–≤–æ ‚Äî 43% –æ—Ç –≤—Å–µ—Ö —Ä–µ–π—Å–æ–≤ –∏–∑ –ú–æ—Å–∫–≤—ã. –í—Ç–æ—Ä–æ–π –∑–∞–≥—Ä—É–∂–µ–Ω–Ω—ã–π –∞—ç—Ä–æ–ø–æ—Ä—Ç –≤ —ç—Ç–æ—Ç –¥–µ–Ω—å ‚Äî –í–Ω—É–∫–æ–≤–æ —Å 31% –≤—ã–ª–µ—Ç–æ–≤. –ß–µ—Ç–≤–µ—Ä—Ç—å –Ω–∞–≥—Ä—É–∑–∫–∏ –ø—Ä–∏—Ö–æ–¥–∏—Ç—Å—è –Ω–∞ –î–æ–º–æ–¥–µ–¥–æ–≤–æ ‚Äî 24%, –∏ 2% ‚Äî –Ω–∞ –ñ—É–∫–æ–≤—Å–∫–∏–π.

–ü—Ä–æ–±–∫–∏ –±—É–¥—É—Ç —á—Ç–æ –Ω–∞–¥–æ, –≤—ã–µ–∑–∂–∞–π—Ç–µ –≤ –∞—ç—Ä–æ–ø–æ—Ä—Ç –∑–∞—Ä–∞–Ω–µ–µ!

@aviasales"
@aviasales,https://t.me/aviasales/8509,2023-12-28 13:07:55,"üáπüá≠ –ù–∞ –ü—Ö—É–∫–µ—Ç–µ –∑–∞–ø—É—Å—Ç—è—Ç –æ–Ω–ª–∞–π–Ω-—Å–µ—Ä–≤–∏—Å –¥–ª—è –ø—Ä–æ–¥–ª–µ–Ω–∏—è –±–µ–∑–≤–∏–∑–æ–≤–æ–≥–æ –Ω–∞—Ö–æ–∂–¥–µ–Ω–∏—è –≤ —Å—Ç—Ä–∞–Ω–µ

–°–∏—Å—Ç–µ–º–∞ –ï-Extension —Å –ø—Ä–æ—à–ª–æ–≥–æ –≥–æ–¥–∞ —Ä–∞–±–æ—Ç–∞–µ—Ç –≤ –ë–∞–Ω–≥–∫–æ–∫–µ, –∞ —Ç–µ–ø–µ—Ä—å –æ–Ω–∞ –ø–æ—è–≤–∏—Ç—Å—è –Ω–∞ –ü—Ö—É–∫–µ—Ç–µ, –ß–æ–Ω–±—É—Ä–∏ –∏ –ß–∏–Ω–≥–º–∞–µ. 

–¢–æ –µ—Å—Ç—å –º–æ–∂–Ω–æ –±—É–¥–µ—Ç –ø—Ä–æ–¥–ª–∏—Ç—å —Å–≤–æ—é —Ç—É—Ä–∏—Å—Ç–∏—á–µ—Å–∫—É—é –≤–∏–∑—É –∏–ª–∏ –±–µ–∑–≤–∏–∑–æ–≤–æ–µ –ø—Ä–µ–±—ã–≤–∞–Ω–∏–µ, –Ω–µ –ø–æ—Å–µ—â–∞—è –¥–æ–ø–æ–ª–Ω–∏—Ç–µ–ª—å–Ω–æ –∏–º–º–∏–≥—Ä–∞—Ü–∏–æ–Ω–Ω—É—é —Å–ª—É–∂–±—É, –≤—Å–µ –¥–æ–∫—É–º–µ–Ω—Ç—ã –æ—Ñ–æ—Ä–º–ª—è—é—Ç—Å—è –æ–Ω–ª–∞–π–Ω. –ù–æ –≤—Å—ë-—Ç–∞–∫–∏ –Ω—É–∂–Ω–æ –±—É–¥–µ—Ç –æ–¥–∏–Ω —Ä–∞–∑ —Å—ä–µ–∑–¥–∏—Ç—å, —á—Ç–æ–±—ã –ø–æ—Å—Ç–∞–≤–∏–ª–∏ —Å–ø–µ—Ü–∏–∞–ª—å–Ω—ã–π —à—Ç–∞–º–ø –≤ –ø–∞—Å–ø–æ—Ä—Ç.

–î–æ –∫–æ–Ω—Ü–∞ –∞–ø—Ä–µ–ª—è —Ä–æ—Å—Å–∏—è–Ω–µ –º–æ–≥—É—Ç –Ω–∞—Ö–æ–¥–∏—Ç—å—Å—è –≤ –¢–∞–∏–ª–∞–Ω–¥–µ –¥–æ 90 –¥–Ω–µ–π. –ù–æ —Å 1 –º–∞—è –±–µ–∑–≤–∏–∑–æ–≤—ã–π —Ä–µ–∂–∏–º –±—É–¥–µ—Ç –≤–Ω–æ–≤—å 30 –¥–Ω–µ–π, —Å –≤–æ–∑–º–æ–∂–Ω–æ—Å—Ç—å—é –ø—Ä–æ–¥–ª–µ–Ω–∏—è –µ—â—ë –Ω–∞ 30 –¥–Ω–µ–π. 

–ü–æ–∫–∞ —Ç–æ—á–Ω—ã—Ö —Å—Ä–æ–∫–æ–≤, –∫–æ–≥–¥–∞ –∑–∞–ø—É—Å—Ç–∏—Ç—Å—è —Å–∏—Å—Ç–µ–º–∞ –Ω–µ—Ç. –ù–æ, –∑–Ω–∞—è –¢–∞–∏–ª–∞–Ω–¥, —ç—Ç–æ –º–æ–≥—É—Ç –±—ã—Ç—å –¥–Ω–∏, –º–µ—Å—è—Ü—ã –∏–ª–∏ –≥–æ–¥—ã. –ü–æ—Å–º–æ—Ç—Ä–∏–º.

@aviasales"
@aviasales,https://t.me/aviasales/8508,2023-12-28 11:37:50,"–ú–æ–∂–µ—Ç–µ –Ω–µ –¥—É–º–∞—Ç—å –∫—É–¥–∞ –ø–æ–µ—Ö–∞—Ç—å –≤ 2024 –≥–æ–¥—É. –ú—ã —ç—Ç–æ —Å–¥–µ–ª–∞–ª–∏ –∑–∞ –≤–∞—Å.

–î–µ—Ä–∂–∏—Ç–µ 12 –≤–∞—Ä–∏–∞–Ω—Ç–æ–≤ –Ω–∞–ø—Ä–∞–≤–ª–µ–Ω–∏–π –Ω–∞ –∫–∞–∂–¥—ã–π –º–µ—Å—è—Ü –æ—Ç —Ä–µ–¥–∞–∫—Ç–æ—Ä–æ–≤ –ü–°–ñ–†: i.avs.io/jH7ETvIC"
@aviasales,https://t.me/aviasales/8507,2023-12-28 09:28:41,"üî• –í–µ—Å—å –≥–æ—Ä–æ–¥—Å–∫–æ–π —Ç—Ä–∞–Ω—Å–ø–æ—Ä—Ç –ú–æ—Å–∫–≤—ã —Å 20 —á–∞—Å–æ–≤ 31.12 –¥–æ 6 —É—Ç—Ä–∞ 1 —è–Ω–≤–∞—Ä—è –±—É–¥–µ—Ç –±–µ—Å–ø–ª–∞—Ç–Ω—ã–º 

–ú–¶–î –±—É–¥–µ—Ç —Ä–∞–±–æ—Ç–∞—Ç—å –¥–æ 3 —á–∞—Å–æ–≤ –Ω–æ—á–∏. 

–ë–æ–ª–µ–µ —Ç–æ–≥–æ —Å 1 –ø–æ 8 —è–Ω–≤–∞—Ä—è –≤—Å–µ –ø–∞—Ä–∫–æ–≤–∫–∏ –≤ –ú–æ—Å–∫–≤–µ —Ç–∞–∫–∂–µ –±—É–¥—É—Ç –±–µ—Å–ø–ª–∞—Ç–Ω—ã–º–∏ (–∑–∞ –∏—Å–∫–ª—é—á–µ–Ω–∏–µ–º —Ç–µ—Ö, –∫–æ—Ç–æ—Ä—ã–µ –∏–º–µ—é—Ç —à–ª–∞–≥–±–∞—É–º).

–ü–µ—Ç–µ—Ä–±—É—Ä–∂—Ü—ã, –∞ –ø–æ—á–µ–º—É –ª–∏—Ü–∞ —Ç–∞–∫–∏–µ –∫–∏—Å–ª—ã–µ? –° –ù–æ–≤—ã–º –≥–æ–¥–æ–º)

@aviasales"
@aviasales,https://t.me/aviasales/8506,2023-12-28 08:06:51,"–ß—Ç–æ —Ç–∞–∫–æ–µ –ë–æ–ª–∏–≤–∏—è? –≠—Ç–æ –Ω–µ–±–æ. –ù–µ–±–æ, –æ—Ç—Ä–∞–∂–∞—é—â–µ–µ—Å—è –≤ —Å–æ–ª–æ–Ω—á–∞–∫–µ –£—é–Ω–∏. 
 
–ï—Å–ª–∏ –∫–æ—Ä–æ—Ç–∫–æ, —Ç–æ —Ç—É—Ç –æ—á–µ–Ω—å –∫—Ä–∞—Å–∏–≤–æ. –û–∑–µ—Ä–æ –¢–∏—Ç–∏–∫–∞–∫–∞, –Ω–∞ –∫–æ—Ç–æ—Ä–æ–º –º–æ–∂–Ω–æ –ø–æ–ø–ª–∞–≤–∞—Ç—å –≤ –º–∞–ª–µ–Ω—å–∫–∏—Ö –ª–æ–¥–æ—á–∫–∞—Ö, –≥–æ—Ä–æ–¥–∞ –≤—ã—Å–æ–∫–æ –≤ –≥–æ—Ä–∞—Ö, –≥–¥–µ –º–æ–∂–Ω–æ —Å–ª–æ–≤–∏—Ç—å –æ–¥—ã—à–∫—É, –ø–æ–∫–∞ –ø–æ—Ç—è–≥–∏–≤–∞–µ—à—å —É—Ç—Ä–µ–Ω–Ω–∏–π –∫–æ—Ñ–µ—ë–∫, –∫–∞–Ω—å–æ–Ω—ã, –≥–µ–π–∑–µ—Ä—ã –∏ –ø—Ä–æ—á–∏–µ –ø—Ä–∏—è—Ç–Ω—ã–µ –≤–µ—â–∏. 
 
–°—Ç—Ä–∞–Ω–∞, –ø–æ–ø–∞–¥–∞—é—â–∞—è –ø—Ä—è–º–æ –≤ —Å–µ—Ä–¥—Ü–µ, –∞ –∏–Ω–æ–≥–¥–∞ –∏ –≤ –Ω–æ–∑–¥—Ä–∏. –í–æ—Ç —Ç–∞–∫–∏–µ –¥–µ–ª–∞. 
 
–ß–∏—Ç–∞–µ–º –≤ –ü–°–ñ–†: i.avs.io/fBbprWH7"
@aviasales,https://t.me/aviasales/8505,2023-12-28 06:07:47,"–ü–æ–º–Ω–∏—Ç–µ, —á—Ç–æ –≤—ã —Ö–æ–∑—è–µ–≤–∞ —Å–≤–æ–µ–π –∂–∏–∑–Ω–∏. –í—ã –≤—Å–µ–≥–¥–∞ –º–æ–∂–µ—Ç–µ –≤—Å—ë –±—Ä–æ—Å–∏—Ç—å –∏ —É–ª–µ—Ç–µ—Ç—å –≤ –ö–∏—Ä–æ–≤—Å–∫.

–ü—Ä–∞–≤–¥–∞, —á–µ—Ä–µ–∑ –ø–∞—Ä—É –¥–Ω–µ–π –≤–µ—Ä–Ω—É—Ç—å—Å—è –æ–±—Ä–∞—Ç–Ω–æ, –ø–æ—Ç–æ–º—É —á—Ç–æ —É–ª–µ—Ç–µ–ª–∏ –±–∏–ª–µ—Ç–æ–º –±–µ–∑ –±–∞–≥–∞–∂–∞.

#—É—Ç—Ä–µ–Ω—è—è–º–æ—Ç–∏–≤–∞—Ü–∏—è"
@aviasales,https://t.me/aviasales/8504,2023-12-27 14:41:22,–ê
@aviasales,https://t.me/aviasales/8498,2023-12-27 13:08:17,"–í–Ω–∏–º–∞—Ç–µ–ª—å–Ω–æ –ø–æ—Å–º–æ—Ç—Ä–∏—Ç–µ –Ω–∞ —Å–µ–±—è –≤ –∑–µ—Ä–∫–∞–ª–æ. –ò–∑—É—á–∏—Ç–µ –ø–ª–∞–≤–Ω–æ—Å—Ç—å –∏–∑–≥–∏–±–æ–≤, –æ–±–∞—è—Ç–µ–ª—å–Ω—ã–µ —è–º–æ—á–∫–∏ –Ω–∞ —â–µ–∫–∞—Ö, –∞—Ä–∏—Å—Ç–æ–∫—Ä–∞—Ç–∏—á–µ—Å–∫—É—é –Ω–æ—Å–æ–≥—É–±–∫—É, –ø–µ—á–∞–ª—å–Ω—É—é –≥–ª—É–±–∏–Ω—É –ø—Ä–µ–∫—Ä–∞—Å–Ω—ã—Ö –≥–ª–∞–∑. –ê —Ç–µ–ø–µ—Ä—å –æ—Ç–≤–µ—Ç—å—Ç–µ —Å–µ–±–µ, —Ç–æ–ª—å–∫–æ —á–µ—Å—Ç–Ω–æ. 
 
–ö–∞–∫–æ–π –≤—ã –Ω–æ–≤–æ–≥–æ–¥–Ω–∏–π —Å–∞–ª–∞—Ç?

–í—ã–±–∏—Ä–∞–π—Ç–µ"
@aviasales,https://t.me/aviasales/8497,2023-12-27 11:27:24,"¬´–ü–æ–±–µ–¥–∞¬ª –∞–Ω–æ–Ω—Å–∏—Ä–æ–≤–∞–ª–∏ —Å–≤–æ—é –µ–∂–µ–≥–æ–¥–Ω—É—é –∞–∫—Ü–∏—é —Å –±–µ—Å–ø–ª–∞—Ç–Ω—ã–º–∏ –±–∏–ª–µ—Ç–∞–º–∏ –¥–ª—è –î–µ–¥–æ–≤ –ú–æ—Ä–æ–∑–æ–≤ –∏ –°–Ω–µ–≥—É—Ä–æ—á–µ–∫.

–ü–æ —É—Å–ª–æ–≤–∏—è–º –∞–∫—Ü–∏–∏, –Ω—É–∂–Ω–æ –≤ –∫–æ—Å—Ç—é–º–µ –î–µ–¥–∞ –ú–æ—Ä–æ–∑–∞ –∏–ª–∏ –°–Ω–µ–≥—É—Ä–æ—á–∫–∏ –ø–æ–¥–æ–π—Ç–∏ –Ω–∞ —Å—Ç–æ–π–∫—É ¬´–ü–æ–±–µ–¥—ã¬ª –≤ —Å–≤–æ–∏—Ö –Ω–∞—Ä—è–¥–∞—Ö –∫–æ –≤—Ä–µ–º–µ–Ω–∏ –æ—Ç–∫—Ä—ã—Ç–∏—è —Ä–µ–≥–∏—Å—Ç—Ä–∞—Ü–∏–∏ –Ω–∞ –≤—ã–±—Ä–∞–Ω–Ω—ã–π —Ä–µ–π—Å, —Å–æ–æ–±—â–∏—Ç—å –æ –∂–µ–ª–∞–Ω–∏–∏ —É–ª–µ—Ç–µ—Ç—å –±–µ—Å–ø–ª–∞—Ç–Ω–æ –∏ –¥–æ–∂–¥–∞—Ç—å—Å—è –æ–∫–æ–Ω—á–∞–Ω–∏—è —Ä–µ–≥–∏—Å—Ç—Ä–∞—Ü–∏–∏.

–ë–µ—Å–ø–ª–∞—Ç–Ω—ã–π –±–∏–ª–µ—Ç –≤–∞–º –¥–∞–¥—É—Ç, –µ—Å–ª–∏ –≤ —Å–∞–º–æ–ª—ë—Ç–µ –æ–∫–∞–∂—É—Ç—Å—è —Å–≤–æ–±–æ–¥–Ω—ã–µ –º–µ—Å—Ç–∞.

‚ùóÔ∏è –í–∞–∂–Ω—ã–µ –Ω—é–∞–Ω—Å—ã:

üü†–∞–∫—Ü–∏—è —Ä–∞—Å–ø—Ä–æ—Å—Ç—Ä–∞–Ω—è–µ—Ç—Å—è —Ç–æ–ª—å–∫–æ –Ω–∞ –≤–Ω—É—Ç—Ä–µ–Ω–Ω–∏–µ —Ä–µ–π—Å—ã —Å 31 –¥–µ–∫–∞–±—Ä—è 2023 –ø–æ 2 —è–Ω–≤–∞—Ä—è 2024 –≥–æ–¥–∞;
üü†—É –î–µ–¥–æ–≤ –ú–æ—Ä–æ–∑–æ–≤ –æ–±—è–∑–∞—Ç–µ–ª—å–Ω–æ –¥–æ–ª–∂–Ω–∞ –±—ã—Ç—å –±–æ—Ä–æ–¥–∞, —É –°–Ω–µ–≥—É—Ä–æ—á–∫–∏ ‚Äî –∫–æ—Å–∞;
üü†—Å–Ω–∏–º–∞—Ç—å –∫–æ—Å—Ç—é–º –≤–æ –≤—Ä–µ–º—è —Ä–µ–π—Å–∞ –Ω–µ–ª—å–∑—è.

@aviasales"
@aviasales,https://t.me/aviasales/8496,2023-12-27 09:27:31,"–†–∞–¥–∏ —ç—Ç–æ–≥–æ —Ç–µ–∫—Å—Ç–∞ –ø—Ä–∏—à–ª–æ—Å—å –ø–æ–ø–æ—Ç–µ—Ç—å. 
 
–ú—ã —Å–æ–±—Ä–∞–ª–∏—Å—å –≤—Å–µ–π —Ä–µ–¥–∞–∫—Ü–∏–µ–π, –≤–∑—è–ª–∏ –ø–∏–≤–∞, –≤–æ–±–ª—ã, –∫–∞—Ä—Ç—ã —Å –ø—Ä–∏–Ω—Ç–∞–º–∏ –≥–æ–ª—ã—Ö –∂–µ–Ω—â–∏–Ω, –∑–∞–≤–µ—Ä–Ω—É–ª–∏—Å—å –≤ –ø—Ä–æ—Å—Ç—ã–Ω–∏ –∏ –ø–æ—à–ª–∏ –∏—Å—Å–ª–µ–¥–æ–≤–∞—Ç—å –º–∏—Ä –±–∞–Ω—å, —Ö–∞–º–∞–º–æ–≤ –∏ —Å–∞—É–Ω, —á—Ç–æ–±—ã –ø–æ–Ω—è—Ç—å, –∫–∞–∫–æ–π –≤–∞—Ä–∏–∞–Ω—Ç –Ω–∞–∏–±–æ–ª–µ–µ –æ–ø—Ç–∏–º–∞–ª—å–Ω—ã–π –∏ –ø—Ä–∏–≤–ª–µ–∫–∞—Ç–µ–ª—å–Ω—ã–π. 
 
–°–æ–±—Å—Ç–≤–µ–Ω–Ω–æ, —ç–∫—Å–ø–µ—Ä–∏–º–µ–Ω—Ç –ø—Ä–æ–¥–æ–ª–∂–∞–µ—Ç—Å—è –¥–æ —Å–∏—Ö –ø–æ—Ä. –Ø –æ–±—Ä–∞—Ç–Ω–æ –≤ –ø–∞—Ä–∏–ª–∫—É, –∞ –≤—ã —á–∏—Ç–∞–π—Ç–µ —Ç–µ–∫—Å—Ç: i.avs.io/hMgjGFPk"
@aviasales,https://t.me/aviasales/8494,2023-12-27 07:11:27,"S7 Airlines –∑–∞–ø—É—Å–∫–∞–µ—Ç –ø—Ä–∞–∑–¥–Ω–∏—á–Ω–æ–µ –º–µ–Ω—éüçä

28 –¥–µ–∫–∞–±—Ä—è - 1 —è–Ω–≤–∞—Ä—è 

–ù–∞ –±–æ–ª—å—à–∏–Ω—Å—Ç–≤–µ —Ä–µ–π—Å–æ–≤ –º–æ–∂–Ω–æ –±—É–¥–µ—Ç –ø–æ–¥–Ω—è—Ç—å —Å–µ–±–µ –Ω–∞—Å—Ç—Ä–æ–µ–Ω–∏–µ –≤ –ø–æ–ª–µ—Ç–µ –Ω–µ —Ç–æ–ª—å–∫–æ —É–¥–∞–ª–µ–Ω–∏–µ–º —Ñ–æ—Ç–æ —Å—á–µ—Ç—á–∏–∫–æ–≤ —Å —Ç–µ–ª–µ—Ñ–æ–Ω–∞, –Ω–æ –∏ –ø—Ä–∞–∑–¥–Ω–∏—á–Ω–æ–π –µ–¥–æ–π. –î–ª—è –≤–∑—Ä–æ—Å–ª—ã—Ö ‚Äî –∏–≥—Ä–∏—Å—Ç–æ–µ, –º–∞–∫–∞—Ä—É–Ω—ã –∏ –º–∞–Ω–¥–∞—Ä–∏–Ω—ã, –¥–ª—è –¥–µ—Ç–µ–π ‚Äî –Ω–æ–≤–æ–≥–æ–¥–Ω–∏–µ –ª–µ–¥–µ–Ω—Ü—ã.

31 –¥–µ–∫–∞–±—Ä—è –∏ 1 —è–Ω–≤–∞—Ä—è 

–ù–∞ —Ä–µ–π—Å–∞—Ö —Å –≥–æ—Ä—è—á–∏–º –ø–∏—Ç–∞–Ω–∏–µ–º¬†–º–æ–∂–Ω–æ –±—É–¥–µ—Ç –æ—Ç–≤–µ–¥–∞—Ç—å —Å–∞–ª–∞—Ç –æ–ª–∏–≤—å–µ –∏ –ø—Ä–∞–∑–¥–Ω–∏—á–Ω–æ–µ –±–ª—é–¥–æ ‚Äì –º—è—Å–Ω–æ–µ –∏ –≤–µ–≥–µ—Ç–∞—Ä–∏–∞–Ω—Å–∫–æ–µ –Ω–∞ –≤—ã–±–æ—Ä. –ß—Ç–æ –∏–º–µ–Ω–Ω–æ —ç—Ç–æ –±—É–¥–µ—Ç, –Ω–µ–∏–∑–≤–µ—Å—Ç–Ω–æ.

–ê –≤—ã –ø–æ–ø–∞–¥–∞–ª–∏ –Ω–∞ –ø—Ä–∞–∑–¥–Ω–∏—á–Ω—ã–µ —Ä–µ–π—Å—ã?"
@aviasales,https://t.me/aviasales/8493,2023-12-26 15:13:22,"–ö—É–ø–∏—Ç–µ –≥–∏—Ä–ª—è–Ω–¥—É, –∫—É–ø–∏—Ç–µ –ø–æ–¥–∞—Ä–∫–∏, –∫—É–ø–∏—Ç–µ —ë–ª–∫—É, –ø–æ–ª–æ–∂–∏—Ç–µ –ø–æ–¥–∞—Ä–∫–∏ –ø–æ–¥ —ë–ª–∫—É, –ª—è–≥—Ç–µ —Ä—è–¥–æ–º –∏ —Ç–∏—Ö–æ–Ω—å–∫–æ –ø–æ–ø–ª–∞—á—å—Ç–µ, –ª–∏—Å—Ç–∞—è —É–≤–µ–¥–æ–º–ª–µ–Ω–∏—è –æ —Å–ø–∏—Å–∞–Ω–∏–∏ —Å—Ä–µ–¥—Å—Ç–≤. 
 
–î–∞,—Ç—Ä–∞—Ç–∏—Ç—å –¥–µ–Ω—å–≥–∏ –Ω–µ –≤—Å–µ–≥–¥–∞ –ø—Ä–∏—è—Ç–Ω–æ, –∞ –∏–Ω–æ–≥–¥–∞ –∏ –±–æ–ª—å–Ω–æ–≤–∞—Ç–æ. –¢–µ–º –±–æ–ª–µ–µ —Ç–∞–º, –≥–¥–µ –º–æ–∂–Ω–æ —Å—ç–∫–æ–Ω–æ–º–∏—Ç—å. 
–ê —ç–∫–æ–Ω–æ–º–∏—Ç—å –º–æ–∂–Ω–æ –Ω–µ —Ç–æ–ª—å–∫–æ –ø–æ–ø–∏–≤–∞—è —á–∞–π –±–µ–∑ —Å–∞—Ö–∞—Ä–∞, –Ω–æ –∏, –Ω–∞–ø—Ä–∏–º–µ—Ä, –Ω–∞ –∞–≤–∏–∞–±–∏–ª–µ—Ç–∞—Ö, –æ—Ñ–æ—Ä–º–∏–≤ —É –Ω–∞—Å –ø–æ–¥–ø–∏—Å–∫—É –Ω–∞ —Ü–µ–Ω—É.
 
–ß–∞—â–µ –≤—Å–µ–≥–æ —Ü–µ–Ω—ã –º–µ–Ω—è—é—Ç—Å—è –≤ –¥–∏–∞–ø–∞–∑–æ–Ω–µ –¥–æ 20%, –∞ –∏–Ω–æ–≥–¥–∞ –æ–Ω–∏ –ø–∞–¥–∞—é—Ç –Ω–∞ 70%. –ò –∫–∞–∫ —Ç–æ–ª—å–∫–æ —ç—Ç–æ –ø—Ä–æ–∏–∑–æ–π–¥–µ—Ç, –º—ã —Å—Ä–∞–∑—É –∂–µ –≤–∞–º —Å–æ–æ–±—â–∏–º, –ø—Ä–∏—Å–ª–∞–≤ —É–≤–µ–¥–æ–º–ª–µ–Ω–∏–µ. 
 
–ú–æ–∂–Ω–æ –ø–æ–¥–ø–∏—Å–∞—Ç—å—Å—è –Ω–∞ –∫–æ–Ω–∫—Ä–µ—Ç–Ω—É—é –¥–∞—Ç—É, –º–æ–∂–Ω–æ –Ω–∞ –±–∏–ª–µ—Ç. –≠—Ç–æ —É–¥–æ–±–Ω–æ. 
 
–ü–æ–ø—Ä–æ–±—É–π—Ç–µ —Å–∞–º–∏."
@aviasales,https://t.me/aviasales/8492,2023-12-26 12:27:34,"–ê –≤–æ—Ç —Ä–æ–∂–¥–µ—Å—Ç–≤–µ–Ω—Å–∫–∏–π —Ä–æ–ª–∏–∫ –æ—Ç Emirates. 
 
–ù—É, –∫–∞–∫ –≤–∏–¥–Ω–æ, –≤–æ –≤—Å—é –≥—Ä—É–∑—è—Ç—Å—è –ø–æ–¥–∞—Ä–∫–∏, –ø–æ–∫–∞ –î–µ–¥—É—à–∫–∞ –ú–æ—Ä–æ–∑ —Å–æ–≥—Ä–µ–≤–∞–µ—Ç—Å—è –≤ –¥—é—Ç–∏–∫–µ.  
–ì–¥–µ-—Ç–æ —Ç–∞–º —Å—Ä–µ–¥–∏ –ø–æ–¥–∞—Ä–∫–æ–≤ –µ—Å—Ç—å –∏ –≤–∞—à –Ω–∞–±–æ—Ä —Å–∫–æ–≤–æ—Ä–æ–¥–æ–∫, —Ç–∞–ø–æ—á–∫–∏ –∏–ª–∏ —Ä–∞–º–∫–∞ –¥–ª—è —Ñ–æ—Ç–æ–≥—Ä–∞—Ñ–∏–∏. –ñ–¥–∏—Ç–µ, —á—É–¥–æ —É–∂–µ –≤ –ø—É—Ç–∏."
@aviasales,https://t.me/aviasales/8491,2023-12-26 10:47:13,"–ù–µ—Å–∫–æ–ª—å–∫–æ –ø—Ä–æ—Å—Ç—ã—Ö –ø—Ä–∞–≤–∏–ª, –∫–æ—Ç–æ—Ä—ã–µ –ù–ï–û–ë–•–û–î–ò–ú–û –∑–Ω–∞—Ç—å, –µ—Å–ª–∏ —Å–æ–±–∏—Ä–∞–µ—Ç–µ—Å—å –≤—ã–µ–∑–∂–∞—Ç—å –∑–∞ –≥—Ä–∞–Ω–∏—Ü—É. 

–ü–µ—Ä–≤–æ–µ, –Ω–µ–ª—å–∑—è –≤—ã–≤–æ–∑–∏—Ç—å —Å —Å–æ–±–æ–π –∑–∞ –≥—Ä–∞–Ω–∏—Ü—É –∂–∏–≤—ã—Ö —Å–æ–±–æ–ª–µ–π. –ì—Ä—É—Å—Ç–Ω–æ, –Ω–æ –ø—Ä–∏–¥—ë—Ç—Å—è –æ—Å—Ç–∞–≤–∏—Ç—å —Å–≤–æ–∏—Ö —Å–æ–±–æ–ª–µ–π –¥–æ–º–∞ –∏ –≤–∫–ª—é—á–∏—Ç—å –∏–º –º—É–ª—å—Ç–∏–∫–∏. 

–í—Ç–æ—Ä–æ–µ, –Ω–µ–ª—å–∑—è –≤—ã–≤–æ–∑–∏—Ç—å —á–µ–ª–æ–≤–µ—á–µ—Å–∫–∏–µ –æ—Ä–≥–∞–Ω—ã. –ù–æ —Ç—É—Ç –µ—Å—Ç—å –ª–∞–∑–µ–π–∫–∞. –£–ø–∞–∫–æ–≤–∞–Ω–Ω—ã–µ –≤–Ω—É—Ç—Ä–∏ —Å–µ–±—è —Å —Ä–æ–∂–¥–µ–Ω–∏—è –æ—Ä–≥–∞–Ω—ã –ø—Ä–æ–≤–æ–∑–∏—Ç—å –º–æ–∂–Ω–æ. –ò—Å–∫–ª—é—á–µ–Ω–∏–µ: –≤–æ—Å–ø–∞–ª—ë–Ω–Ω—ã–π –∞–ø–ø–µ–Ω–¥–∏–∫—Å. 

–ù–æ –∏ –≥–ª–∞–≤–Ω–æ–µ, –Ω–µ–ª—å–∑—è –≤—ã–≤–æ–∑–∏—Ç—å –±—Ä–∏–ª–ª–∏–∞–Ω—Ç—ã —Å—Ç–æ–∏–º–æ—Å—Ç—å—é –±–æ–ª—å—à–µ 75 000 –¥–æ–ª–ª–∞—Ä–æ–≤. –ü—Ä–∏–¥—ë—Ç—Å—è –≤—ã–π—Ç–∏ –Ω–∞ —à–≤–µ–¥—Å–∫–∏–π —Å—Ç–æ–ª –≤ –æ—Ç–µ–ª–µ –±–µ–∑ —Å–≤–æ–µ–≥–æ –ª—é–±–∏–º–æ–≥–æ –∫–æ–ª—å–µ –∏ –≥—Ä–∏–ª–∑–æ–≤ –Ω–∞ –∑—É–±–∞—Ö. 
 
–ê –≤–æ–æ–±—â–µ, —á–∏—Ç–∞–π—Ç–µ –≤ –ü–°–ñ–† –æ —Ç–æ–º, —á—Ç–æ –º–æ–∂–Ω–æ –∏ –Ω–µ–ª—å–∑—è –≤—ã–≤–æ–∑–∏—Ç—å –∏–∑ –†–æ—Å—Å–∏–∏. –¢–∞–º –ø–æ–¥—Ä–æ–±–Ω–µ–µ –ø—Ä–æ –≤—Å—ë —ç—Ç–æ: i.avs.io/V8rbhFCi"
@aviasales,https://t.me/aviasales/8482,2023-12-26 08:42:08,"–ö–∞–∫ –∏ –∫—É–¥–∞ –≤—ã –ª–µ—Ç–∞–ª–∏ –≤ 2023 –≥–æ–¥—É? 

–ú—ã —Ç—É—Ç –ø–æ–¥–±–∏–ª–∏ –∫–æ–µ-–∫–∞–∫—É—é —Å—Ç–∞—Ç–∏—Å—Ç–∏–∫—É –∏ —Å–µ–π—á–∞—Å –≤–∞–º –≤—Å—ë –ø–æ–∫–∞–∂–µ–º. 

–¢—É—Ç –∏ –ø—Ä–æ —Ç–æ–ø —Å–∞–º—ã—Ö –¥–µ—à—ë–≤—ã—Ö –±–∏–ª–µ—Ç–æ–≤ –∑–∞ –≥–æ–¥ (—Å–∞–º—ã–π –¥–µ—à—ë–≤—ã–π —Å—Ç–æ–∏–ª 250 —Ä—É–±–ª–µ–π), –∏ –ø—Ä–æ, —Ç–æ —Å–∫–æ–ª—å–∫–æ –≤—ã —Å—Ç—Ä–∞–Ω –ø–æ—Å–µ—Ç–∏–ª–∏ –∏ —Å–∫–æ–ª—å–∫–æ –∫–∏–ª–æ–º–µ—Ç—Ä–æ–≤ –Ω–∞–ª–µ—Ç–∞–ª–∏. –ú–Ω–æ–≥–æ —á–µ–≥–æ –∏–Ω—Ç–µ—Ä–µ—Å–Ω–æ–≥–æ. 
 
–°–º–æ—Ç—Ä–∏–º."
@aviasales,https://t.me/aviasales/8481,2023-12-25 13:43:25,"–ú—ã —É–≤–µ—Ä–µ–Ω—ã, —á—Ç–æ –º–Ω–æ–≥–∏–µ –∏–∑ –≤–∞—Å —Ö–æ—Ç—å —Ä–∞–∑ –≤ –∂–∏–∑–Ω–∏ –≤—Å—Ç—Ä–µ—á–∞–ª–∏ –ù–æ–≤—ã–π –≥–æ–¥ –≤ –Ω–µ–æ–±—ã—á–Ω—ã—Ö –º–µ—Å—Ç–∞—Ö –∏–ª–∏ –ø—Ä–∏ –Ω–µ—Å—Ç–∞–Ω–¥–∞—Ä—Ç–Ω—ã—Ö –æ–±—Å—Ç–æ—è—Ç–µ–ª—å—Å—Ç–≤–∞—Ö. –ò–ª–∏, –º–æ–∂–µ—Ç, —Å –≤–∞–º–∏ –ø—Ä–æ–∏–∑–æ—à–ª–∏ —É–¥–∏–≤–∏—Ç–µ–ª—å–Ω—ã–µ –Ω–æ–≤–æ–≥–æ–¥–Ω–∏–µ –∏—Å—Ç–æ—Ä–∏–∏? 

–ù–∞—à–µ–π —Ä–µ–¥–∞–∫—Ü–∏–∏ –ü–°–ñ–† –æ—á–µ–Ω—å –Ω—É–∂–Ω—ã –≤–∞—à–∏ –ª—É—á—à–∏–µ –∏—Å—Ç–æ—Ä–∏–∏, –∞ –ø–æ–¥–µ–ª–∏—Ç—å—Å—è –∏–º–∏ –º–æ–∂–Ω–æ –≤ –∫–æ–º–º–µ–Ω—Ç–∞—Ä–∏—è—Ö ‚å®Ô∏è"
@aviasales,https://t.me/aviasales/8480,2023-12-25 12:31:51,"–ê –≤–∞–º —É–∂–µ –ø–æ–¥–∞—Ä–∏–ª–∏ —Å–ª–∞–¥–∫–∏–π –ø–æ–¥–∞—Ä–æ–∫? 

–ê –º–æ–∂–µ—Ç–µ –æ—Ç–¥–∞—Ç—å –µ–≥–æ –Ω–∞–º, —ç—Ç–æ –ø–æ–º–æ–∂–µ—Ç –ø–æ–±–µ–¥–∏—Ç—å –≤ —Å–ø–µ—Ü–ø—Ä–æ–µ–∫—Ç–µ –ê–≤–∏–∞—Å–µ–π–ª—Å —Ö –ö—Ä–∞—Å–Ω—ã–π –æ–∫—Ç—è–±—Ä—å –∏ –∑–∞–±—Ä–∞—Ç—å –æ–¥–Ω–æ –∏–∑ –¥–≤—É—Ö –ø—É—Ç–µ—à–µ—Å—Ç–≤–∏–π –∫—É–¥–∞ —É–≥–æ–¥–Ω–æ –∑–∞ 40 000 —Ä—É–±–ª–µ–π. 
–¢–∞–º –≤–Ω—É—Ç—Ä–∏ –ø—Ä–∏—è—Ç–Ω–∞—è –∏–≥—Ä–∞ –¥–ª—è –¥—Ä—É–∑–µ–π –∏ –±–ª–∏–∑–∫–∏—Ö, –≤ –∫–æ—Ç–æ—Ä—É—é –º–æ–∂–Ω–æ –ø–æ–∏–≥—Ä–∞—Ç—å –∑–∞ –ø—Ä–∞–∑–¥–Ω–∏—á–Ω—ã–º —Å—Ç–æ–ª–æ–º, –Ω–∞–ø—Ä–∏–º–µ—Ä. 

–£—á–∞—Å—Ç–≤—É–π—Ç–µ: https://i.avs.io/ZTrOcKMH 
 
–û–û–û ¬´–û–±—ä–µ–¥–∏–Ω–µ–Ω–Ω—ã–µ –∫–æ–Ω–¥–∏—Ç–µ—Ä—ã¬ª, —Ä–µ–∫–ª–∞–º–∞, erid: LjN8KJrSt"
@aviasales,https://t.me/aviasales/8479,2023-12-25 11:37:44,"–ù–µ—Ç –¥–µ–Ω–µ–≥? –ù–µ—Ç —Å–∏–ª? 
 
–í–æ–∑–º–æ–∂–Ω–æ, –ø—Ä–∏—á–∏–Ω–∞ –≤ —Ç–æ–º, —á—Ç–æ –≤—ã –∑–∞–∫–∞–∑–∞–ª–∏ —Å–ª–∏—à–∫–æ–º –º–Ω–æ–≥–æ –≥–∏—Ä–ª—è–Ω–¥–æ—á–µ–∫ –∏ —É—Å—Ç–∞–ª–∏ –∏—Ö —Ä–∞–∑–≤–µ—à–∏–≤–∞—Ç—å –ø–æ –∫–≤–∞—Ä—Ç–∏—Ä–µ. –≠—Ç–æ –Ω–∏—á–µ–≥–æ. 
 
–ù–æ –≤–æ–æ–±—â–µ, –∫–æ–Ω–µ—á–Ω–æ, –∫ –∫–æ–Ω—Ü—É –≥–æ–¥–∞ –º—ã –≤—Å–µ –¥–æ–≤–æ–ª—å–Ω–æ-—Ç–∞–∫–∏ –≤—ã–º–æ—Ç–∞–ª–∏—Å—å, –∏ –Ω–∞–º –Ω—É–∂–Ω–æ –Ω–µ–º–Ω–æ–≥–æ –ø–æ–¥–∑–∞—Ä—è–¥–∏—Ç—å—Å—è. –ü–æ—ç—Ç–æ–º—É —Å–æ–±—Ä–∞–ª–∏ –¥–ª—è –≤–∞—Å –≤ –ü–°–ñ–† 18 –ø—Ä–æ—Å—Ç—ã—Ö —Å–ø–æ—Å–æ–±–æ–≤, —á—Ç–æ–±—ã –ø–æ—á—É–≤—Å—Ç–≤–æ–≤–∞—Ç—å —Å–µ–±—è –ª—É—á—à–µ. 
 
–ê –≤–æ—Ç –∏ –æ–Ω–∏: i.avs.io/Ac6VMBC_"
@aviasales,https://t.me/aviasales/8477,2023-12-25 09:21:20,"üî• ¬´–ê—ç—Ä–æ—Ñ–ª–æ—Ç¬ª –∑–∞–ø—É—Å—Ç–∏–ª —Ä–∞—Å–ø—Ä–æ–¥–∞–∂—É –¥–ª—è —Å–ø–æ–Ω—Ç–∞–Ω–Ω—ã—Ö –ø—É—Ç–µ—à–µ—Å—Ç–≤–µ–Ω–Ω–∏–∫–æ–≤. –ë–∏–ª–µ—Ç—ã –æ—Ç 2024 —Ä—É–±–ª–µ–π.

–ö—É–ø–∏—Ç—å –º–æ–∂–Ω–æ 25-26 –¥–µ–∫–∞–±—Ä—è, –∞ —É–ª–µ—Ç–µ—Ç—å —Å 26 –ø–æ 28 –¥–µ–∫–∞–±—Ä—è. –†–∞–∑–±–∏—Ä–∞—é—Ç –æ—á–µ–Ω—å –±—ã—Å—Ç—Ä–æ. 

–ò–∑ –∑–∞—Ä—É–±–µ–∂–Ω—ã–π –Ω–∞–ø—Ä–∞–≤–ª–µ–Ω–∏–π –µ—Å—Ç—å: –ú–∏–Ω—Å–∫, –¢–∞—à–∫–µ–Ω—Ç, –ê–Ω—Ç–∞–ª—å—è, –î–∞–ª–∞–º–∞–Ω, –ì–æ–Ω–∫–æ–Ω–≥, –î—É–±–∞–π, –ì–∞–≤–∞–Ω–∞, –í–∞—Ä–∞–¥–µ—Ä–æ, –°–µ–π—à–µ–ª—ã. 

@aviasales"
@aviasales,https://t.me/aviasales/8476,2023-12-25 07:23:02,"–î–µ–¥–ª–∞–π–Ω—ã? –ö—É—á–∞ –∑–∞–¥–∞—á? –ö—Ä—É—Ç–æ. 

–î–∞–≤–∞–π—Ç–µ –≤—Å–µ –≤–º–µ—Å—Ç–µ –ø–æ—Å–º–æ—Ç—Ä–∏–º –Ω–∞ —Ç–æ, –∫–∞–∫ –ª–µ—Ç–∏—Ç –≤ —Ä–µ–∂–∏–º–µ —Ä–µ–∞–ª—å–Ω–æ–≥–æ –≤—Ä–µ–º–µ–Ω–∏ –°–∞–Ω—Ç–∞ –ö–ª–∞—É—Å"
@aviasales,https://t.me/aviasales/8475,2023-12-25 06:47:53,"ü•≤ –í –ì–æ–Ω–∫–æ–Ω–≥ –ø—Ä–∏–±—ã–ª –ø–µ—Ä–≤—ã–π —Å 2020 –≥–æ–¥–∞ —Ä–µ–≥—É–ª—è—Ä–Ω—ã–π —Ä–µ–π—Å –∏–∑ –ú–æ—Å–∫–≤—ã

üá≠üá∞ ¬´–ê—ç—Ä–æ—Ñ–ª–æ—Ç¬ª —É—Å–ø–µ—à–Ω–æ –≤–æ–∑–æ–±–Ω–æ–≤–∏–ª –ø—Ä—è–º—ã–µ —Ä–µ–π—Å—ã –≤ –ì–æ–Ω–∫–æ–Ω–≥. 

–£–ª–µ—Ç–µ—Ç—å –º–æ–∂–Ω–æ —Ç—Ä–∏ —Ä–∞–∑–∞ –≤ –Ω–µ–¥–µ–ª—é: –ø–æ –≤—Ç–æ—Ä–Ω–∏–∫–∞–º, —á–µ—Ç–≤–µ—Ä–≥–∞–º –∏ —Å—É–±–±–æ—Ç–∞–º –Ω–∞ Airbus A330‚Äë300.

–†–æ—Å—Å–∏—è–Ω–µ –º–æ–≥—É—Ç –Ω–∞—Ö–æ–¥–∏—Ç—å—Å—è –≤ –≥–æ—Ä–æ–¥–µ –¥–æ 14 –¥–Ω–µ–π –±–µ–∑ –≤–∏–∑—ã.

–ò–Ω—Ç–µ—Ä–µ—Å–Ω—ã–µ –∏ –Ω–µ–±–∞–Ω–∞–ª—å–Ω—ã–µ –º–µ—Å—Ç–∞, –∞ —Ç–∞–∫–∂–µ –≤ –∫–∞–∫–æ–º —Ä–∞–π–æ–Ω–µ –æ—Å—Ç–∞–Ω–æ–≤–∏—Ç—å—Å—è ‚Äî –≤ ¬´–ö–æ—Ä–æ—á–µ, –ì–æ–Ω–∫–æ–Ω–≥¬ª.

@aviasales"
@aviasales,https://t.me/aviasales/8474,2023-12-25 06:21:52,"–Å–º–∞—ë, –¥–æ –ù–æ–≤–æ–≥–æ –≥–æ–¥–∞ 7 –¥–Ω–µ–π ü§Ø"
@aviasales,https://t.me/aviasales/8473,2023-12-24 14:58:01,"–ö–∞–∫ –ø—Ä–∞–≤–∏–ª—å–Ω–æ –∑–Ω–∞–∫–æ–º–∏—Ç—å—Å—è —Å –¥–µ–≤—É—à–∫–æ–π –≤ 2024 –≥–æ–¥—É? –ó–∞–ø–∏—Å—ã–≤–∞–π—Ç–µ. 

–ü—Ä–∏–≤–µ—Ç. –°–≤–æ–±–æ–¥–Ω–æ? –û–¥–Ω–∞ –∑–¥–µ—Å—å –æ—Ç–¥—ã—Ö–∞–µ—à—å? –ü–æ–Ω—è—Ç–Ω–æ. –ú–æ–∂–Ω–æ —É–≥–æ—Å—Ç–∏—Ç—å —Ç–µ–±—è –∫–∏—Å–ª–æ—Ä–æ–¥–Ω—ã–º –∫–æ–∫—Ç–µ–π–ª–µ–º –∏ –ø—Ä–∏–≥–ª–∞—Å–∏—Ç—å –≤–µ—á–µ—Ä–æ–º –Ω–∞ –¥—É—à –®–∞—Ä–∫–æ. 
 
–ù—É –≤–æ—Ç –∏ –≤—Å—ë. –°—á–∞—Å—Ç—å—è –≤–∞–º –∏ —Ç–æ–ø–æ—Ç–∞ –º–∞–ª–µ–Ω—å–∫–∏—Ö –Ω–æ–∂–µ–∫. –ù–æ —Ç–æ–ª—å–∫–æ, —á—Ç–æ–±—ã –≤—Å—ë —Ç–æ—á–Ω–æ –ø–æ–ª—É—á–∏–ª–æ—Å—å ‚Äî –Ω—É–∂–µ–Ω –ø–æ–¥—Ö–æ–¥—è—â–∏–π –∞–Ω—Ç—É—Ä–∞–∂. 
 
–ù–∞–ø—Ä–∏–º–µ—Ä, –æ–¥–∏–Ω –∏–∑ —Å–∞–Ω–∞—Ç–æ—Ä–∏–µ–≤ –∏–∑ –Ω–∞—à–µ–π –ø–æ–¥–±–æ—Ä–∫–∏ –≤ –ü–°–ñ–†: i.avs.io/Th0gHqgg"
@aviasales,https://t.me/aviasales/8472,2023-12-24 10:53:01,"–õ—ã–∂–Ω–∏–∫–∏ –Ω–µ—Ä–µ–¥–∫–æ –Ω–µ–¥–æ–ª—é–±–ª–∏–≤–∞—é—Ç —Å–Ω–æ—É–±–æ—Ä–¥–∏—Å—Ç–æ–≤ –∑–∞ (—è–∫–æ–±—ã) –Ω–µ–æ—Å—Ç–æ—Ä–æ–∂–Ω–æ–µ –∫–∞—Ç–∞–Ω–∏–µ, –∫–æ—Ç–æ—Ä–æ–µ –ø—Ä–∏–≤–æ–¥–∏—Ç –∫ –ø—Ä–æ–∏—Å—à–µ—Å—Ç–≤–∏—è–º –∏ —Ç—Ä–∞–≤–º–∞–º. –ê —Å–Ω–æ—É–±–æ—Ä–¥–∏—Å—Ç—ã —Å –ø–æ–¥–æ–∑—Ä–µ–Ω–∏–µ–º –æ—Ç–Ω–æ—Å—è—Ç—Å—è –∫ –ª—ã–∂–Ω–∏–∫–∞–º –∏–∑-–∑–∞ –∏—Ö (—è–∫–æ–±—ã –∏–º–µ—é—â–µ–≥–æ –º–µ—Å—Ç–∞) —Å–Ω–æ–±–∏–∑–º–∞. 
–ê —Ç–µ, –∫—Ç–æ —Å–∏–¥—è—Ç –Ω–∞ –¥–∏–≤–∞–Ω–µ, –Ω–µ–¥–æ–ª—é–±–ª–∏–≤–∞—é—Ç –∏ —Ç–µ—Ö –∏ –¥—Ä—É–≥–∏—Ö. 
 
–†–∞–∑–±–∏—Ä–∞–µ–º—Å—è –≤ –Ω–µ–ø—Ä–∏–º–∏—Ä–∏–º–æ–π —Ç—ã—Å—è—á–µ–ª–µ—Ç–Ω–µ–π –≤–æ–π–Ω–µ –ª—ã–∂–Ω–∏–∫–æ–≤ –∏ —Å–Ω–æ—É–±–æ—Ä–¥–∏—Å—Ç–æ–≤ –∏ –ø—ã—Ç–∞–µ–º—Å—è –∏—Ö –ø—Ä–∏–º–∏—Ä–∏—Ç—å. 
 
–ß–∏—Ç–∞–µ–º –≤ –ü–°–ñ–†: i.avs.io/SSdSAIL8"
@aviasales,https://t.me/aviasales/8471,2023-12-23 13:28:18,"–ß–µ–º –∑–∞–Ω—è—Ç—å—Å—è –≤ –ê—Ä–º–µ–Ω–∏–∏? 
–ò–≥—Ä–∞—Ç—å –≤ –Ω–∞—Ä–¥—ã –≤ —Ç–µ–Ω–∏ –≤–∏–Ω–æ–≥—Ä–∞–¥–Ω–æ–π –ª–æ–∑—ã —Å –≤–∏–¥–æ–º –Ω–∞ –ê—Ä–∞—Ä–∞—Ç. 
 
–ß–µ–º –∑–∞–Ω—è—Ç—å—Å—è –≤ –ê—Ä–º–µ–Ω–∏–∏ –∑–∏–º–æ–π? 
–ò–≥—Ä–∞—Ç—å –≤ –Ω–∞—Ä–¥—ã –≤ —Ç–µ–Ω–∏ –≤–∏–Ω–æ–≥—Ä–∞–¥–Ω–æ–π –ª–æ–∑—ã —Å –≤–∏–¥–æ–º –Ω–∞ –ê—Ä–∞—Ä–∞—Ç, –Ω–æ –æ–¥–µ—Ç—å—Å—è –Ω–µ–º–Ω–æ–≥–æ –ø–æ—Ç–µ–ø–ª–µ–µ. 

–ê –µ—â—ë —Ç–∞–º —Ä–æ–∂–¥–µ—Å—Ç–≤–µ–Ω—Å–∫–æ–µ –Ω–∞—Å—Ç—Ä–æ–µ–Ω–∏–µ, –∑–∞—Å–Ω–µ–∂–µ–Ω–Ω—ã–µ –º–æ–Ω–∞—Å—Ç—ã—Ä–∏, –≥—Ä–∞–Ω–∞—Ç–æ–≤—ã–π –≥–ª–∏–Ω—Ç–≤–µ–π–Ω. –ö–æ—Ä–æ—á–µ, –ø—Ä–∏–µ–∑–∂–∞–π—Ç–µ. 
 
–í–æ—Ç –≤–∞–º —Å—Ç–∞—Ç—å—è –≤ –ü–°–ñ–† –≤ –¥–æ—Ä–æ–∂–∫—É: i.avs.io/iWC2L_er"
@aviasales,https://t.me/aviasales/8470,2023-12-23 09:48:01,"–ê—ç—Ä–æ—Ñ–ª–æ—Ç –∑–∞–ø—É—Å—Ç–∏–ª —É—Å–ª—É–≥—É –ø–µ—Ä–µ–≤–æ–∑–∫–∏ –∂–∏–≤–æ—Ç–Ω—ã—Ö-–∫–æ–º–ø–∞–Ω—å–æ–Ω–æ–≤ –Ω–∞ —Å–æ—Å–µ–¥–Ω–µ–º –∫—Ä–µ—Å–ª–µ‚úàÔ∏è

–ü–æ–∫–∞ —É—Å–ª—É–≥–∞ —Ä–∞–±–æ—Ç–∞–µ—Ç –≤ —Ç–µ—Å—Ç–æ–≤–æ–º —Ä–µ–∂–∏–º–µ, –∏, –∫–æ–Ω–µ—á–Ω–æ, –µ—Å—Ç—å —Ä—è–¥ —É—Å–ª–æ–≤–∏–π:

- –æ–ø–ª–∞—Ç–∞ –ø–æ —Ç–∞—Ä–∏—Ñ—É –¥–ª—è –≤–∑—Ä–æ—Å–ª–æ–≥–æ –ø–∞—Å—Å–∞–∂–∏—Ä–∞,
- –≤–µ—Å –∫–æ–Ω—Ç–µ–π–Ω–µ—Ä–∞ –≤–º–µ—Å—Ç–µ —Å –∂–∏–≤–æ—Ç–Ω—ã–º ‚Äî 15 –∫–≥,
- –º–∞–∫—Å–∏–º–∞–ª—å–Ω—ã–µ –≥–∞–±–∞—Ä–∏—Ç—ã –∂—ë—Å—Ç–∫–æ–≥–æ –∫–æ–Ω—Ç–µ–π–Ω–µ—Ä–∞ ‚Äî 50—Ö30—Ö30 —Å–º,
- –æ–¥–∏–Ω –ø–∞—Å—Å–∞–∂–∏—Ä –º–æ–∂–µ—Ç –ø—Ä–æ–≤–µ–∑—Ç–∏ –æ–¥–∏–Ω –∫–æ–Ω—Ç–µ–π–Ω–µ—Ä —Å –∂–∏–≤–æ—Ç–Ω—ã–º –∏–ª–∏ –ø—Ç–∏—Ü–µ–π –≤ –ª—é–±–æ–º –∫–ª–∞—Å—Å–µ –æ–±—Å–ª—É–∂–∏–≤–∞–Ω–∏—è,
- –∫–æ–Ω—Ç–µ–π–Ω–µ—Ä –º–æ–∂–Ω–æ –±—É–¥–µ—Ç —Ä–∞–∑–º–µ—Å—Ç–∏—Ç—å —Ç–æ–ª—å–∫–æ —É –∏–ª–ª—é–º–∏–Ω–∞—Ç–æ—Ä–∞, –∞ –ø–∏—Ç–æ–º–µ—Ü –¥–æ–ª–∂–µ–Ω –±—É–¥–µ—Ç —Å–∏–¥–µ—Ç—å –≤ –ø–µ—Ä–µ–Ω–æ—Å–∫–µ –≤–µ—Å—å –ø–æ–ª–µ—Ç,
- –ø–µ—Ä–µ–Ω–æ—Å–∫–∞ ¬´–¥–æ–ª–∂–Ω–∞ –ø–æ–∑–≤–æ–ª—è—Ç—å –∂–∏–≤–æ—Ç–Ω–æ–º—É –∏–ª–∏ –ø—Ç–∏—Ü–µ –≤—Å—Ç–∞–≤–∞—Ç—å –≤ –ø–æ–ª–Ω—ã–π —Ä–æ—Å—Ç –∏ –ø–æ–≤–æ—Ä–∞—á–∏–≤–∞—Ç—å—Å—è –≤–æ–∫—Ä—É–≥ —Å–µ–±—è¬ª."
@aviasales,https://t.me/aviasales/8469,2023-12-22 14:33:57,"–†—è–∑–∞–Ω—Å–∫–æ–µ –ª–∏—Ü–æ ‚Äî –±–µ–ª—ã–µ –∫—É–¥—Ä–∏, –≥–æ–ª—É–±—ã–µ –ø—Ä–æ–Ω–∑–∏—Ç–µ–ª—å–Ω—ã–µ –≥–ª–∞–∑–∞ –∏ —Ç—Ä–æ–≥–∞—Ç–µ–ª—å–Ω–∞—è –Ω–æ—Å–æ–≥—É–±–∫–∞. –í—Å—ë –∫–∞–∫ —É –ï—Å–µ–Ω–∏–Ω–∞, –æ—Ç–∫—É–¥–∞ –æ–Ω, —Å–æ–±—Å—Ç–≤–µ–Ω–Ω–æ, –∏ —Ä–æ–¥–æ–º. –ê —ç—Ç–æ —É–∂–µ –≤–µ—Å–∫–∞—è –ø—Ä–∏—á–∏–Ω–∞ –ø—Ä–æ–≤–µ—Å—Ç–∏ —Ç–∞–º –≤—ã—Ö–æ–¥–Ω—ã–µ. 
 
–í–∫—É—Å–Ω–æ –ø–æ–µ—Å—Ç—å, —Å—Ö–æ–¥–∏—Ç—å –≤ –º—É–∑–µ–π, –≤—ã–ø–∏—Ç—å –ª–∞–≤–∞–Ω–¥–æ–≤—ã–π —Ä–∞—Ñ –≤ –∫–æ—Ñ–µ–π–Ω–µ, –≥–ª—è–¥—è, –∫–∞–∫ –ø–æ—ç—Ç–∏—á–Ω–æ –∫–æ–ª—ã—à–µ—Ç—Å—è –Ω–∞ –≤–µ—Ç—Ä—É –≥–æ–ª–∞—è —Ä—É—Å—Å–∫–∞—è –±–µ—Ä—ë–∑–∫–∞. 
 
–ß–µ–º –∑–∞–Ω—è—Ç—å—Å—è –≤ –†—è–∑–∞–Ω–∏, —á–∏—Ç–∞–µ–º –≤ –ü–°–ñ–†: i.avs.io/5KeSyg-w"
@aviasales,https://t.me/aviasales/8466,2023-12-22 12:12:48,"¬´–ê–∑–∏–º—É—Ç¬ª –∑–∞–ø—É—Å—Ç–∏–ª–∏ —Ä–∞—Å–ø—Ä–æ–¥–∞–∂—É –±–∏–ª–µ—Ç–æ–≤ –ø–æ —Ä–æ—Å—Å–∏–π—Å–∫–∏–º –∏ –º–µ–∂–¥—É–Ω–∞—Ä–æ–¥–Ω—ã–º –Ω–∞–ø—Ä–∞–≤–ª–µ–Ω–∏—è–º. –ë–∏–ª–µ—Ç—ã –æ—Ç 888 —Ä—É–±–ª–µ–π. 

–ö—É–ø–∏—Ç—å –º–æ–∂–Ω–æ –ø–æ 15 —è–Ω–≤–∞—Ä—è, –∞ —Å–ª–µ—Ç–∞—Ç—å —Å 11 —è–Ω–≤–∞—Ä—è –ø–æ 20 —Ñ–µ–≤—Ä–∞–ª—è. 

–ò–∑ —Ä–æ—Å—Å–∏–π—Å–∫–∏–π –Ω–∞–ø—Ä–∞–≤–ª–µ–Ω–∏–π: –º–Ω–æ–≥–æ –±–∏–ª–µ—Ç–æ–≤ –≤/–∏–∑ –ú–∏–Ω–µ—Ä–∞–ª—å–Ω—ã—Ö –í–æ–¥, –ú–æ—Å–∫–≤—ã, –°–æ—á–∏ –∏ –¥—Ä.

–ò–∑ –º–µ–∂–¥—É–Ω–∞—Ä–æ–¥–Ω—ã—Ö –Ω–∞–ø—Ä–∞–≤–ª–µ–Ω–∏–π –º–æ–∂–Ω–æ —É–ª–µ—Ç–µ—Ç—å: –∏–∑/–≤ –î—É–±–∞–π, –¢–∞—à–∫–µ–Ω—Ç, –ï—Ä–µ–≤–∞–Ω, –°—Ç–∞–º–±—É–ª, –ú–∏–Ω—Å–∫, –°–∞–º–∞—Ä–∫–∞–Ω–¥, –¢–±–∏–ª–∏—Å–∏, –ë–∞–∫—É.

@aviasales"
@aviasales,https://t.me/aviasales/8465,2023-12-22 09:52:36,"–≠–∫—Å–ø–µ—Ä—Ç—ã –†–æ—Å—Å–∏–π—Å–∫–æ–π –∞–∫–∞–¥–µ–º–∏–∏ –Ω–∞—É–∫ –æ–±—ä—è–≤–∏–ª–∏ –∞—Å—Ç—Ä–æ–ª–æ–≥–∏—é –ª–∂–µ–Ω–∞—É–∫–æ–π. 
–ú–¥–∞, —Ç–∏–ø–∏—á–Ω—ã–µ –°—Ç—Ä–µ–ª—å—Ü—ã. 
 
–ê –≤–æ—Ç –≤–∞–º –ø–æ —Ç–∞–∫–æ–º—É —Å–ª—É—á–∞—é –º–æ—â–Ω–µ–π—à–∏–π –≥–æ—Ä–æ—Å–∫–æ–ø –Ω–∞ 2024 –≥–æ–¥ –æ—Ç –°–∞–º–æ–ª—ë—à–∏. 
 
–£–∑–Ω–∞–π—Ç–µ –±—É–¥—É—â–µ–µ –ø–æ —Å—Å—ã–ª–∫–µ: i.avs.io/JuuPawxO"
@aviasales,https://t.me/aviasales/8464,2023-12-22 07:37:02,"–ü–∞—Ä–∞ –ø–∞–º –ø–∞–º!

üáπüá≠ –¢–∞–∏–ª–∞–Ω–¥ —Ä–µ—à–∏–ª –Ω–µ –≤–≤–æ–¥–∏—Ç—å —Ç—É—Ä–∏—Å—Ç–∏—á–µ—Å–∫–∏–π –Ω–∞–ª–æ–≥ –≤ 300 –±–∞—Ç (~ 800‚ÇΩ) —Å —á–µ–ª–æ–≤–µ–∫–∞ ü§©

–°—Ä–æ–∫–∏ –≤–≤–µ–¥–µ–Ω–∏—è —Å–¥–≤–∏–≥–∞–ª–∏—Å—å –Ω–µ—Å–∫–æ–ª—å–∫–æ —Ä–∞–∑, –ø–æ—Å–ª–µ–¥–Ω–∏–π ‚Äî 1 —è–Ω–≤–∞—Ä—è 2024 –≥–æ–¥–∞. –ù–æ –≤ –∏—Ç–æ–≥–µ —Ä–µ—à–∏–ª–∏, —á—Ç–æ –Ω–∞–ª–æ–≥ –Ω–µ–≥–∞—Ç–∏–≤–Ω–æ —Å–∫–∞–∂–µ—Ç—Å—è –Ω–∞ —Ç—É—Ä–∏–∑–º –≤ —Å—Ç—Ä–∞–Ω–µ. 

–•–æ—Ç–µ–ª–∏ –µ–≥–æ –≤–≤–µ—Å—Ç–∏ –¥–ª—è –Ω–∞—à–µ–≥–æ —Å –≤–∞–º–∏ –±–ª–∞–≥–∞. –ê –∏–º–µ–Ω–Ω–æ –Ω–∞ –º–µ–¥–∏—Ü–∏–Ω—Å–∫–∏–µ —Ä–∞—Å—Ö–æ–¥—ã –≤–æ –≤—Ä–µ–º—è –æ—Ç–¥—ã—Ö–∞ –≤ —Å—Ç—Ä–∞–Ω–µ. –í–º–µ—Å—Ç–æ —ç—Ç–æ–≥–æ –¢–∞–∏–ª–∞–Ω–¥ –±—É–¥–µ—Ç –≤—ã–¥–µ–ª—è—Ç—å –µ–∂–µ–≥–æ–¥–Ω–æ –¥–æ 50 –º–ª–Ω –±–∞—Ç –∏–∑ –±—é–¥–∂–µ—Ç–∞ —Å—Ç—Ä–∞–Ω—ã –Ω–∞ –±–µ–∑–æ–ø–∞—Å–Ω–æ—Å—Ç—å —Ç—É—Ä–∏—Å—Ç–æ–≤.

–†–æ—Å—Å–∏—è–Ω–µ –º–æ–≥—É—Ç –Ω–∞—Ö–æ–¥–∏—Ç—å—Å—è –≤ –¢–∞–∏–ª–∞–Ω–¥–µ –¥–æ 90 –¥–Ω–µ–π (–µ—Å–ª–∏ –≤—ä–µ—Ö–∞—Ç—å –¥–æ 30 –∞–ø—Ä–µ–ª—è 2024 –≥–æ–¥–∞).

–°—Ç–∞—Ç—å–∏ –≤ –ü–°–ñ–† –ø—Ä–æ –¢–∞–∏–ª–∞–Ω–¥, –∫–æ—Ç–æ—Ä—ã–µ –º–æ–≥—É—Ç –≤–∞–º –ø—Ä–∏–≥–æ–¥–∏—Ç—å—Å—è:

üîπ —á—Ç–æ –ø–æ—Å–º–æ—Ç—Ä–µ—Ç—å –∏ –ø–æ–¥–µ–ª–∞—Ç—å –≤ –ë–∞–Ω–≥–∫–æ–∫–µ
üîπ –ø—É—Ç–µ–≤–æ–¥–∏—Ç–µ–ª—å –ø–æ –ß–∏–∞–Ω–≥–º–∞—é
üîπ —á—Ç–æ –≤–∑—è—Ç—å —Å —Å–æ–±–æ–π –≤ –¢–∞–∏–ª–∞–Ω–¥
üîπ –ü—Ö—É–∫–µ—Ç –∏–ª–∏ –ë–∞–ª–∏ ‚Äî —á—Ç–æ –≤—ã–±—Ä–∞—Ç—å? 
üîπ 7 –Ω–µ–±–∞–Ω–∞–ª—å–Ω—ã—Ö –º–µ—Å—Ç –≤ –æ–∫—Ä–µ—Å—Ç–Ω–æ—Å—Ç—è—Ö –ü—Ö—É–∫–µ—Ç–∞
üîπ –∫—É–¥–∞ –≤—ã–±—Ä–∞—Ç—å—Å—è –Ω–∞ –ü—Ö—É–∫–µ—Ç–µ? –°–æ–≤–µ—Ç—ã –æ—Ç —Å–æ—Ç—Ä—É–¥–Ω–∏–∫–æ–≤ –ê–≤–∏–∞—Å–µ–π–ª—Å

–ù—É –∏, –∫–æ–Ω–µ—á–Ω–æ, –Ω–µ –∑–∞–±—ã–≤–∞–π—Ç–µ –ø—Ä–æ ¬´–ö–æ—Ä–æ—á–µ –æ –≥–æ—Ä–æ–¥–∞—Ö¬ª, —Ç–∞–º —Ä–∞–π–æ–Ω—ã, –≥–¥–µ –ª—É—á—à–µ –æ—Å—Ç–∞–Ω–æ–≤–∏—Ç—å—Å—è, –∫–ª–∞—Å—Å–Ω—ã–µ –º–µ—Å—Ç–∞ –∏ —ç–∫—Å–ø–µ—Ä—Ç–Ω—ã–µ –ø–æ–¥–±–æ—Ä–∫–∏.

@aviasales"
@aviasales,https://t.me/aviasales/8461,2023-12-21 15:07:01,–ù–µ–º–Ω–æ–≥–æ –Ω–æ–≤–æ–≥–æ–¥–Ω–µ–≥–æ –∫—Ä–µ–∞—Ç–∏–≤–∞ ‚Äî –≤ –ú–∞–Ω—á–µ—Å—Ç–µ—Ä–µ –Ω–∞ –∫—Ä—ã—à–µ –ø—Ä–æ–¥—É–∫—Ç–æ–≤–æ–≥–æ –º–∞–≥–∞–∑–∏–Ω–∞ —Å–¥–µ–ª–∞–ª–∏ –ø–∞—Ä–∫–æ–≤–∫—É –¥–ª—è —Å–∞–Ω–µ–π –∏ –æ–ª–µ–Ω–µ–π –°–∞–Ω—Ç—ãüéÅü¶å
@aviasales,https://t.me/aviasales/8460,2023-12-21 12:34:01,"–í 2024 –≥–æ–¥—É –±—É–¥—É—Ç –≤—ã–±–æ—Ä—ã
 
–í—ã–±–æ—Ä—ã –ª—ã–∂ –Ω–∞ –≥–æ—Ä–Ω–æ–ª—ã–∂–Ω—ã–π —Å–µ–∑–æ–Ω, –∫–æ–Ω–µ—á–Ω–æ –∂–µ. –•–æ—Ç—è –º–æ–∂–Ω–æ —É–∂–µ –Ω–∞—á–∞—Ç—å –∏ —Å–µ–π—á–∞—Å. –ë—É–¥–µ—Ç –Ω–∞ —á—ë–º –¥–æ–µ—Ö–∞—Ç—å –Ω–∞ —Ä–∞–±–æ—Ç—É –ø–æ –Ω–µ—É–±—Ä–∞–Ω–Ω–æ–π –æ—Ç —Å–Ω–µ–≥–∞ —É–ª–∏—Ü–µ. 
 
–í–æ—Ç –≤–∞–º —Å—Ç–∞—Ç—å—è –≤ –ü–°–ñ–† –≤ –ø–æ–º–æ—â—å: i.avs.io/h8bBDo1u"
@aviasales,https://t.me/aviasales/8459,2023-12-21 10:25:00,"–ü–æ–ø–ª–∞–≤–∞—Ç—å –≤ –≥–æ—Ä—è—á–µ–π –≤–æ–¥–µ, –∫–æ–≥–¥–∞ –Ω–∞ —É–ª–∏—Ü–µ –º–æ—Ä–æ–∑ –∏ –Ω–∞ –≥–æ–ª–æ–≤—É –ø–∞–¥–∞–µ—Ç —Å–Ω–µ–≥ ‚Äî —ç—Å—Ç–µ—Ç–∏–∫–∞ –¥–ª—è –∏—Å–∫—É—à—ë–Ω–Ω—ã—Ö –∏ –≤–∏–¥–∞–≤—à–∏—Ö –≤–∏–¥—ã –≥—É—Ä–º–∞–Ω–æ–≤. 

–í —Ü–µ–ª–æ–º, —ç—Ç–æ –¥–æ–≤–æ–ª—å–Ω–æ —Ä–∞—Å—Å–ª–∞–±–ª—è—é—â–µ–µ –∑–∞–Ω—è—Ç–∏–µ, –æ—Å–æ–±–µ–Ω–Ω–æ –≤ —Å–æ—á–µ—Ç–∞–Ω–∏–∏ —Å —Å–∞—É–Ω–æ–π –∏ –º–∞—Å—Å–∞–∂–µ–º. –ù–æ —ç—Ç–æ –¥–Ω—ë–º, –∞ –Ω–æ—á—å—é –º–æ–∂–Ω–æ –∏ –ø–æ—Ç–∞–Ω—Ü–µ–≤–∞—Ç—å –ø–æ–¥ –ø–µ—Å–Ω—é ¬´–¶–∞—Ä–∏—Ü–∞¬ª –Ω–∞ —Å–≤–µ—Ç—Å–∫–æ–º —Ä–∞—É—Ç–µ. 
 
–ß–∏—Ç–∞–µ–º –≤ –ü–°–ñ–†: i.avs.io/k2m0SUbR"
@aviasales,https://t.me/aviasales/8458,2023-12-21 07:51:50,"–ï—Å—Ç—å –ª—ë–≥–∫–æ–µ –æ—â—É—â–µ–Ω–∏–µ, —á—Ç–æ –≤—ã —Å–æ—Å–∫—É—á–∏–ª–∏—Å—å –ø–æ —Ä–µ–π—Ç–∏–Ω–≥–∞–º

–¢–∞–∫, –ª–æ–≤–∏—Ç–µ –Ω–æ–≤—ã–π! –ù–∞ —ç—Ç–æ—Ç —Ä–∞–∑ International SOS –ø–æ–¥–≥–æ—Ç–æ–≤–∏–ª–∏ –∫–∞—Ä—Ç—É —Å —Å–∞–º—ã–º–∏ –±–µ–∑–æ–ø–∞—Å–Ω—ã–º–∏ –∏ –æ–ø–∞—Å–Ω—ã–º–∏ —Å—Ç—Ä–∞–Ω–∞–º–∏ –º–∏—Ä–∞.  

–ë–µ–∑–æ–ø–∞—Å–Ω—ã–µ —Å—Ç—Ä–∞–Ω—ã:

üá¨üá± –ì—Ä–µ–Ω–ª–∞–Ω–¥–∏—è
üáÆüá∏ –ò—Å–ª–∞–Ω–¥–∏—è
üá≥üá¥ –ù–æ—Ä–≤–µ–≥–∏—è
üá´üáÆ –§–∏–Ω–ª—è–Ω–¥–∏—è
üá©üá∞ –î–∞–Ω–∏—è

–û–ø–∞—Å–Ω—ã–µ —Å—Ç—Ä–∞–Ω—ã:

üá∏üá∏ –Æ–∂–Ω—ã–π –°—É–¥–∞–Ω
üá®üá´ –¶–µ–Ω—Ç—Ä–∞–ª—å–Ω–∞—è –ê—Ñ—Ä–∏–∫–∞–Ω—Å–∫–∞—è –†–µ—Å–ø—É–±–ª–∏–∫–∞
üá∏üá¥ –°–æ–º–∞–ª–∏ 
üá±üáæ –õ–∏–≤–∏—è
üáæüá™ –ô–µ–º–µ–Ω

–†–æ—Å—Å–∏—è –Ω–∞—Ö–æ–¥–∏—Ç—Å—è –≤ –∑–æ–Ω–µ —Å –ø–µ—Ä–µ–º–µ–Ω–Ω—ã–º —Ä–∏—Å–∫–æ–º, –≤–æ—Ç –∏ –¥—É–º–∞–π—Ç–µ.

–í—Å–µ —Å—Ç—Ä–∞–Ω—ã –º–æ–∂–Ω–æ –ø–æ—Å–º–æ—Ç—Ä–µ—Ç—å –Ω–∞ –∫–∞—Ä—Ç–µ.

@aviasales"
@aviasales,https://t.me/aviasales/8456,2023-12-20 14:48:08,"¬´–ê–∑–∏–º—É—Ç¬ª –≤ —è–Ω–≤–∞—Ä–µ –∑–∞–ø—É—Å–∫–∞—é—Ç —Ä–µ–π—Å—ã –ø–æ —á–µ—Ç—ã—Ä—ë–º –Ω–æ–≤—ã–º –Ω–∞–ø—Ä–∞–≤–ª–µ–Ω–∏—è–º.

—Å 12 —è–Ω–≤–∞—Ä—è –ø–æ–ª–µ—Ç—è—Ç –∏–∑ –°–æ—á–∏ –≤ –ê—Å—Ç—Ä–∞—Ö–∞–Ω—å. –õ–µ—Ç–∞—Ç—å –±—É–¥—É—Ç –ø–æ –ø—è—Ç–Ω–∏—Ü–∞–º, –≤ –≤–µ—Å–µ–Ω–Ω–µ-–ª–µ—Ç–Ω–µ–µ –≤—Ä–µ–º—è ‚Äî –ø–æ –≤–æ—Å–∫—Ä–µ—Å–µ–Ω—å—è–º.

–° 15 —è–Ω–≤–∞—Ä—è ‚Äî –∏–∑ –ú–∏–Ω–µ—Ä–∞–ª—å–Ω—ã—Ö –í–æ–¥ –≤ –ò–≤–∞–Ω–æ–≤–æ (–ø–æ –ø–æ–Ω–µ–¥–µ–ª—å–Ω–∏–∫–∞–º –∏ —Å—Ä–µ–¥–∞–º) –∏ –∏–∑ –ú–∏–Ω–µ—Ä–∞–ª—å–Ω—ã—Ö –í–æ–¥ –≤ –ö–µ–º–µ—Ä–æ–≤–æ —Å –ø–µ—Ä–µ—Å–∞–¥–∫–æ–π –≤ –£—Ñ–µ. 

–° 26 —è–Ω–≤–∞—Ä—è ‚Äî –∏–∑ –£—Ñ—ã –≤ –¢–±–∏–ª–∏—Å–∏, –ø–æ –ø—è—Ç–Ω–∏—Ü–∞–º.

@aviasales"
@aviasales,https://t.me/aviasales/8455,2023-12-20 12:16:10,–ï—Å—Ç—å —Ç—É—Ç –∫—Ç–æ –∏–∑ –ï–∫–∞—Ç–µ—Ä–∏–Ω–±—É—Ä–≥–∞??? –≠—Ç–æ –ø—Ä–∞–≤–¥–∞?? ü§Ø
@aviasales,https://t.me/aviasales/8454,2023-12-20 10:20:00,"–°–∫–æ–ª—å–∫–æ —Å—Ç–æ–∏—Ç –ø–æ–µ–∑–¥–∫–∞ –≤ –°—Ç–∞–º–±—É–ª –∑–∏–º–æ–π? ü§î
 
–ù–∞—à–∞ —Ä–µ–¥–∞–∫—Ç–æ—Ä–∫–∞ –°–∏–º–æ–Ω–∞ –ø–æ–µ—Ö–∞–ª–∞ —Ç—É–¥–∞ –Ω–∞ 6 –¥–Ω–µ–π –≤ –Ω–∞—á–∞–ª–µ –¥–µ–∫–∞–±—Ä—è –∏ –≤—Å—ë –ø–æ–¥—Å—á–∏—Ç–∞–ª–∞. 
–ü–æ—á–µ–º—É –≤ –°—Ç–∞–º–±—É–ª? –ù—É, —Ç–∞–∫-—Ç–æ –≤–∏–∑–∞ –Ω–µ –Ω—É–∂–Ω–∞ –∏ –µ—Å—Ç—å –ø—Ä—è–º—ã–µ —Ä–µ–π—Å—ã. –ê —ç—Ç–æ –ø—Ä–∏—è—Ç–Ω–æ. 
 
–ß–∏—Ç–∞–π—Ç–µ –≤ –ü–°–ñ–†: i.avs.io/x6fzUKGP"
@aviasales,https://t.me/aviasales/8453,2023-12-20 08:54:31,–ê—ç—Ä–æ–ø–æ—Ä—Ç –í–æ–ª–≥–æ–≥—Ä–∞–¥–∞ –≤–æ–∑–æ–±–Ω–æ–≤–∏–ª —Ä–∞–±–æ—Ç—É –≤ —à—Ç–∞—Ç–Ω–æ–º —Ä–µ–∂–∏–º–µ
@aviasales,https://t.me/aviasales/8452,2023-12-20 08:15:41,‚ö°Ô∏è –ê—ç—Ä–æ–ø–æ—Ä—Ç –í–æ–ª–≥–æ–≥—Ä–∞–¥–∞ –≤—Ä–µ–º–µ–Ω–Ω–æ –∑–∞–∫—Ä—ã—Ç –¥–ª—è –ø–æ–ª—ë—Ç–æ–≤. –û –ø—Ä–∏—á–∏–Ω–∞—Ö –∑–∞–∫—Ä—ã—Ç–∏—è –Ω–µ —Å–æ–æ–±—â–∞–µ—Ç—Å—è.
@aviasales,https://t.me/aviasales/8451,2023-12-20 07:41:50,"–í –†–æ—Å—Å–∏–∏ –ø–æ—Å—Ç—Ä–æ—è—Ç –ø–µ—Ä–≤—ã–π —Ç—É—Ä–∏—Å—Ç–∏—á–µ—Å–∫–∏–π –∫–æ–º–ø–ª–µ–∫—Å –≤ –ê—Ä–∫—Ç–∏–∫–µ.

–ü–ª–∞–Ω–∏—Ä—É—é—Ç –ø–æ—Å—Ç—Ä–æ–∏—Ç—å –µ–≥–æ –¥–æ 2026 –≥–æ–¥–∞ –Ω–∞ —Å–ª–æ–∂–Ω–æ–º —Å–∫–∞–ª—å–Ω–æ–º —Ä–µ–ª—å–µ—Ñ–µ —Å –≤–∏–¥–æ–º –Ω–∞ –ë–∞—Ä–µ–Ω—Ü–µ–≤–æ –º–æ—Ä–µ. –¶–µ–ª—å –ø—Ä–æ–µ–∫—Ç–∞ ‚Äî —Ä–∞–∑–≤–∏—Ç–∏–µ —Ç—É—Ä–∏—Å—Ç–∏—á–µ—Å–∫–æ–≥–æ –ø–æ—Ç–µ–Ω—Ü–∏–∞–ª–∞ –ê—Ä–∫—Ç–∏–∫–∏. 

–ö –ø—Ä–∏–º–µ—Ä—É, –±–ª–∞–≥–æ–¥–∞—Ä—è —Ñ–∏–ª—å–º—É ¬´–õ–µ–≤–∏–∞—Ñ–∞–Ω¬ª –º–Ω–æ–≥–∏–µ –æ—Ç–∫—Ä—ã–ª–∏ –¥–ª—è —Å–µ–±—è –ö–æ–ª—å—Å–∫–∏–π –ø–æ–ª—É–æ—Å—Ç—Ä–æ–≤ –∏ –¢–µ—Ä–∏–±–µ—Ä–∫—É. –ü–æ–º–∏–º–æ —Å–µ–≤–µ—Ä–Ω–æ–π —Ä–æ–º–∞–Ω—Ç–∏–∫–∏, —Ç—É—Ä–∏—Å—Ç–æ–≤ –ø—Ä–∏–≤–ª–µ–∫–∞—é—Ç –≤ —Ä–µ–≥–∏–æ–Ω: —Å–µ–≤–µ—Ä–Ω–æ–µ —Å–∏—è–Ω–∏–µ, (–∑–∏–º–æ–π –º–æ–∂–Ω–æ –Ω–∞–±–ª—é–¥–∞—Ç—å 2-3 —Ä–∞–∑–∞ –≤ –Ω–µ–¥–µ–ª—é), –∫–∏—Ç—ã, —Å–≤–µ–∂–∏–µ –º–æ—Ä–µ–ø—Ä–æ–¥—É–∫—Ç—ã –∏ —Ä—ã–±–∞–ª–∫–∞.  

–û —Ç–æ–º, –∫–∞–∫ –ø–æ–π–º–∞—Ç—å —Å–µ–≤–µ—Ä–Ω–æ–µ —Å–∏—è–Ω–∏–µ –≤ –¢–µ—Ä–∏–±–µ—Ä–∫–µ, —á–∏—Ç–∞–π—Ç–µ –≤ –ü–°–ñ–†.

–í —Ç—É—Ä–∏—Å—Ç–∏—á–µ—Å–∫–æ–º –∫–æ–º–ø–ª–µ–∫—Å–µ —Ç–∞–∫–∂–µ –ø–ª–∞–Ω–∏—Ä—É—é—Ç —Ä–µ–∞–ª–∏–∑–æ–≤–∞—Ç—å —Ñ—É–¥-–º–∞—Ä–∫–µ—Ç –ª–æ–∫–∞–ª—å–Ω—ã—Ö –ø—Ä–æ–¥—É–∫—Ç–æ–≤, —Ä–µ—Å—Ç–æ—Ä–∞–Ω —Å–æ —Å–≤–µ–∂–∏–º–∏ –º–æ—Ä–µ–ø—Ä–æ–¥—É–∫—Ç–∞–º–∏, —Ç–µ—Ä–º–∞–ª—å–Ω—ã–π –∫–æ–º–ø–ª–µ–∫—Å —Å –≤–æ–∑–º–æ–∂–Ω–æ—Å—Ç—å—é –æ–∫—É–Ω—É—Ç—å—Å—è –≤ –ë–∞—Ä–µ–Ω—Ü–µ–≤–æ –º–æ—Ä–µ –∏ –ø–µ—Ä–≤—ã–π –≤ –†–æ—Å—Å–∏–∏ –º—É–∑–µ–π –∫–∏—Ç–æ–≤.

@aviasales"
@aviasales,https://t.me/aviasales/8450,2023-12-19 14:14:03,"–≠—Ö, –∫–∞–∫ –∂–µ –≤—Å—ë-—Ç–∞–∫–∏ —Ç–µ–ø–ª–æ –Ω–∞ –¥—É—à–µ, –∫–æ–≥–¥–∞ —Ç–æ–ª—å–∫–æ –ø—Ä–æ—Å–Ω—É–ª—Å—è –∏ —É–∂–µ —Å–æ –≤—Å–µ—Ö –Ω–æ–≥ –±–µ–∂–∏—à—å –∫ –Ω–æ–≤–æ–≥–æ–¥–Ω–µ–π —ë–ª–∫–µ, —á—Ç–æ–±—ã –Ω–∞–π—Ç–∏ –ø–æ–¥ –Ω–µ–π —Å–≤–æ–π –ø–æ–¥–∞—Ä–æ–∫ ‚Äî –±–∏–ª–µ—Ç –≤ –ù–æ–≤–æ—Å–∏–±–∏—Ä—Å–∫. 
 
–ê –≤–µ–¥—å —Ç–∞–º –º–æ–∂–Ω–æ –ø–æ–∫–∞—Ç–∞—Ç—å—Å—è –Ω–∞ –ª—ã–∂–∞—Ö, –ø–æ—Å–ª—É—à–∞—Ç—å –æ–ø–µ—Ä—É, –ø–æ–ø–∞—Ä–∏—Ç—å—Å—è –≤ –±–∞–Ω–µ –∏ –æ–∫—É–Ω—É—Ç—å—Å—è –≤ –ø—Ä–æ—Ä—É–±—å. –ö–æ—Ä–æ—á–µ, –∂–∏—Ç—å –ø–æ–ª–Ω–æ–π —Å–æ–±—ã—Ç–∏–π, –¥–∏–Ω–∞–º–∏—á–Ω–æ–π, —Å–≤–µ—Ç—Å–∫–æ–π, –∫—É–ª—å—Ç—É—Ä–Ω–æ–π –∂–∏–∑–Ω—å—é. 
 
–í–æ—Ç –≤–∞–º –æ—Å—Ç–∞—Ç—å—Å—è –≤ –ü–°–ñ–† –ø—Ä–æ —Ç–æ, —á–µ–º —Ç–∞–º –∑–∞–Ω—è—Ç—å—Å—è –∑–∏–º–æ–π: i.avs.io/T3ZcrXxK"
@aviasales,https://t.me/aviasales/8449,2023-12-19 11:41:01,"7 —Å–æ–≤–µ—Ç–æ–≤, –∫–∞–∫ –∏–∑–±–µ–∂–∞—Ç—å –æ–±–º–∞–Ω–∞ –≤ –ø—É—Ç–µ—à–µ—Å—Ç–≤–∏—è—Ö. 
 
–°–æ–≤–µ—Ç –Ω–æ–º–µ—Ä –æ–¥–∏–Ω: –Ω–µ –≤–µ–¥–∏—Ç–µ—Å—å –Ω–∞ –ø–ª–æ—Å–∫–∏–π –∫—Ä–∞—Å–∏–≤—ã–π –∂–∏–≤–æ—Ç –Ω–∞ –ø–ª—è–∂–µ. –°–∫–æ—Ä–µ–µ –≤—Å–µ–≥–æ –æ–Ω –≤—Ç—è–Ω—É—Ç. 
 
–ß–∏—Ç–∞–µ–º, –¥—É–º–∞–µ–º, –∑–∞–ø–æ–º–∏–Ω–∞–µ–º: https://i.avs.io/TKbp9rV-"
@aviasales,https://t.me/aviasales/8448,2023-12-19 10:12:26,"‚úàÔ∏è ¬´–ê–∑–∏–º—É—Ç¬ª —Å 5 —è–Ω–≤–∞—Ä—è –∑–∞–ø—É—Å–∫–∞–µ—Ç –ø—Ä—è–º—ã–µ —Ä–µ–π—Å—ã –∏–∑ –°–æ—á–∏ –≤ –ú–∞–≥–∞—Å. 
 
910 —Ä—É–±–ª–µ–π, –ø–æ–ª—Ç–æ—Ä–∞ —á–∞—Å–∞ ‚Äî –∏ –≤—ã –≤ —Å—Ç–æ–ª–∏—Ü–µ –ò–Ω–≥—É—à–µ—Ç–∏–∏. –°—Ä–µ–¥–∏ –∫–∞–≤–∫–∞–∑—Å–∫–∏—Ö —Ä–µ—Å–ø—É–±–ª–∏–∫ –ò–Ω–≥—É—à–µ—Ç–∏—è ‚Äî —Å–∞–º–∞—è –º–∞–ª–µ–Ω—å–∫–∞—è –∏ –º–æ–ª–æ–¥–∞—è, –∏ –≤ –Ω–µ–π –∞–∫—Ç–∏–≤–Ω–æ –±–ª–∞–≥–æ—É—Å—Ç—Ä–∞–∏–≤–∞—é—Ç —Ç—É—Ä–∏—Å—Ç–∏—á–µ—Å–∫–∏–µ —Å–ø–æ—Ç—ã. 
 
–¢–∞–º –≥–æ—Ä—ã, —Å—Ä–µ–¥–Ω–µ–≤–µ–∫–æ–≤—ã–µ –±–∞—à–Ω–∏. –í–æ—Ç –æ–Ω–∏ –≤—Å–µ –≤ –Ω–∞—à–µ–º —Ä–∞–∑–¥–µ–ª–µ ¬´–ö–æ—Ä–æ—á–µ¬ª: i.avs.io/u3pllkop

@aviasales"
@aviasales,https://t.me/aviasales/8447,2023-12-19 07:59:01,"–ù–æ–≤—ã–π –¥–µ–Ω—å ‚Äî –Ω–æ–≤—ã–π —Ä–µ–π—Ç–∏–Ω–≥ ü§©

–í —ç—Ç–æ—Ç —Ä–∞–∑ —Å–µ—Ä–≤–∏—Å TasteAtlas —Å–æ—Å—Ç–∞–≤–∏–ª —Ä–µ–π—Ç–∏–Ω–≥ –¢–æ–ø-100 –∫—É—Ö–æ–Ω—å –º–∏—Ä–∞. –î–ª—è —ç—Ç–æ–≥–æ —ç–∫—Å–ø–µ—Ä—Ç—ã –ø—Ä–æ–∞–Ω–∞–ª–∏–∑–∏—Ä–æ–≤–∞–ª–∏ –±–æ–ª–µ–µ 390 —Ç—ã—Å—è—á –æ—Ü–µ–Ω–æ–∫ –±–ª—é–¥ –∏ –ø—Ä–æ–¥—É–∫—Ç–æ–≤ –ø–∏—Ç–∞–Ω–∏—è –Ω–∞ —Ä–∞–∑–Ω—ã—Ö —Å–µ—Ä–≤–∏—Å–∞—Ö.

–õ–∏–¥–∏—Ä—É—é—â–∞—è –¥–µ—Å—è—Ç–∫–∞ –≤—ã–≥–ª—è–¥–∏—Ç –≤–æ—Ç —Ç–∞–∫:

1. üáÆüáπ –ò—Ç–∞–ª–∏—è (–≤—Å–µ –ª—é–±—è—Ç –º–∞–∫–∞—Ä–æ–Ω—ã)
2. üáØüáµ –Ø–ø–æ–Ω–∏—è 
3. üá¨üá∑ –ì—Ä–µ—Ü–∏—è 
4. üáµüáπ –ü–æ—Ä—Ç—É–≥–∞–ª–∏—è
5. üá®üá≥ –ö–∏—Ç–∞–π 
6. üáÆüá© –ò–Ω–¥–æ–Ω–µ–∑–∏—è
7. üá≤üáΩ –ú–µ–∫—Å–∏–∫–∞ 
8. üá´üá∑ –§—Ä–∞–Ω—Ü–∏—è 
9. üá™üá∏ –ò—Å–ø–∞–Ω–∏—è 
10. üáµüá™ –ü–µ—Ä—É 

–†—É—Å—Å–∫–∞—è –∫—É—Ö–Ω—è –Ω–∞–±—Ä–∞–ª–∞ 4.28 –±–∞–ª–ª–æ–≤ –∏ –≥–æ—Ä–¥–æ –Ω–∞—Ö–æ–¥–∏—Ç—Å—è –Ω–∞ 41 –º–µ—Å—Ç–µ. –°–∞–º—ã–µ –ø–æ–ø—É–ª—è—Ä–Ω—ã–µ –±–ª—é–¥–∞ —Ä—É—Å—Å–∫–æ–π –∫—É—Ö–Ω–∏: –ø–∏—Ä–æ–≥–∏, –∫–∞—à–∏, –±–ª–∏–Ω—ã, –ø–µ–ª—å–º–µ–Ω–∏, –≤–∞—Ä–µ–Ω—å–µ, –º–µ–¥–æ–≤–∏–∫, –æ–ª–∏–≤—å–µ, —à–∞—à–ª—ã–∫, –≤–∏–Ω–µ–≥—Ä–µ—Ç –∏ –≥–æ–ª—É–±—Ü—ã. 

–ü–æ—Å–º–æ—Ç—Ä–µ—Ç—å –≤–µ—Å—å —Ä–µ–π—Ç–∏–Ω–≥ –º–æ–∂–Ω–æ –∑–¥–µ—Å—å.

–í –∫–æ–º–º–µ–Ω—Ç–∞—Ä–∏—è—Ö –Ω–∞–ø–∏—à–∏—Ç–µ, –∫–∞–∫–∞—è –∫—É—Ö–Ω—è –º–∏—Ä–∞ –≤–∞—à–∞ —Å–∞–º–∞—è –ª—é–±–∏–º–∞—è?

@aviasales"
@aviasales,https://t.me/aviasales/8446,2023-12-18 15:01:47,–Å–∫–ª–º–Ω —Ç–∞–∫ –≤–æ—Ç –ø–æ—á–µ–º—É –≤ –∞—ç—Ä–æ–ø–æ—Ä—Ç—É –ø—Ä–æ–ø–∞–¥–∞–µ—Ç –±–∞–≥–∞–∂ ü§Øü§Øü§Ø
@aviasales,https://t.me/aviasales/8445,2023-12-18 14:01:58,"üá®üá≥ –ö–∏—Ç–∞–π –ø—Ä–æ–¥–ª–∏–ª –¥–æ 31 –¥–µ–∫–∞–±—Ä—è 2024 –≥–æ–¥–∞ –æ—Å–≤–æ–±–æ–∂–¥–µ–Ω–∏–µ –æ—Ç —Å–¥–∞—á–∏ –±–∏–æ–º–µ—Ç—Ä–∏–∏ –ø—Ä–∏ –ø–æ–¥–∞—á–µ –Ω–∞ –≤–∏–∑—É –¥–ª—è —Ä–æ—Å—Å–∏—è–Ω.

–û—Ç–ø–µ—á–∞—Ç–∫–∏ –ø–∞–ª—å—Ü–µ–≤ –Ω–µ –Ω–∞–¥–æ –±—É–¥–µ—Ç —Å–¥–∞–≤–∞—Ç—å –ø—Ä–∏ –ø–æ–¥–∞—á–µ –Ω–∞ –æ–¥–Ω–æ–∫—Ä–∞—Ç–Ω—ã–µ –∏ –¥–≤—É–∫—Ä–∞—Ç–Ω—ã–µ –≤–∏–∑—ã –¥–ª—è –±–∏–∑–Ω–µ—Å–∞ (–ú), —Ç—É—Ä–∏—Å—Ç–∏—á–µ—Å–∫–∏–µ (L), —Å–µ–º–µ–π–Ω—ã–µ (Q2), —Ç—Ä–∞–Ω–∑–∏—Ç–Ω—ã–µ (G) –∏ –≤–∏–∑—ã –¥–ª—è —á–ª–µ–Ω–æ–≤ —ç–∫–∏–ø–∞–∂–µ–π (C).

–ê –≤–æ—Ç –ø—Ä–æ —Ç–æ, –∫–∞–∫ –æ—Ñ–æ—Ä–º–∏—Ç—å –≤–∏–∑—É –≤ –ö–∏—Ç–∞–π –∏ –Ω–∏ –æ —á—ë–º –Ω–µ –ø–æ–∂–∞–ª–µ—Ç—å: https://i.avs.io/aKdSDZME

@aviasales"
@aviasales,https://t.me/aviasales/8444,2023-12-18 12:43:07,"–¢–æ–ø –≥–æ—Ä–æ–¥–æ–≤ 2023 –≥–æ–¥–∞.

–†–∞–±–æ—Ç—è–≥–∏ –∏–∑ Euromonitor International –ø—Ä–æ–∞–Ω–∞–ª–∏–∑–∏—Ä–æ–≤–∞–ª–∏ –ø–æ–ø—É–ª—è—Ä–Ω—ã–µ –≥–æ—Ä–æ–¥–∞ –º–∏—Ä–∞ –ø–æ —ç—Ñ—Ñ–µ–∫—Ç–∏–≤–Ω–æ—Å—Ç–∏ —ç–∫–æ–Ω–æ–º–∏–∫–∏, —Ç—É—Ä–∏–∑–º—É, –∑–¥—Ä–∞–≤–æ–æ—Ö—Ä–∞–Ω–µ–Ω–∏—é, –±–µ–∑–æ–ø–∞—Å–Ω–æ—Å—Ç–∏, –≤–∫—É—Å—É –º–∞–π–æ–Ω–µ–∑–∞ –∏ –µ—â—ë 55 –ø–æ–∫–∞–∑–∞—Ç–µ–ª—è–º.

–í–æ—Ç –ø–µ—Ä–≤–∞—è –¥–µ—Å—è—Ç–∫–∞:
 
üá´üá∑ –ü–∞—Ä–∏–∂ (–§—Ä–∞–Ω—Ü–∏—è),
üá¶üá™ –î—É–±–∞–π (–û–ê–≠),
üá™üá∏ –ú–∞–¥—Ä–∏–¥ (–ò—Å–ø–∞–Ω–∏—è),
üáØüáµ –¢–æ–∫–∏–æ (–Ø–ø–æ–Ω–∏—è),
üá≥üá±‚Äã‚Äã‚Äã‚Äã‚Äã‚Äã‚Äã –ê–º—Å—Ç–µ—Ä–¥–∞–º (–ù–∏–¥–µ—Ä–ª–∞–Ω–¥—ã),
‚Äã‚Äã‚Äã‚Äã‚Äãüá©üá™ –ë–µ—Ä–ª–∏–Ω (–ì–µ—Ä–º–∞–Ω–∏—è),
‚Äã‚Äã‚Äã‚Äã‚Äã‚Äã‚ÄãüáÆüáπ –†–∏–º (–ò—Ç–∞–ª–∏—è),
üá∫üá∏‚Äã‚Äã‚Äã‚Äã‚Äã‚Äã‚Äã –ù—å—é-–ô–æ—Ä–∫ (–°–®–ê),
üá™üá∏‚Äã‚Äã‚Äã‚Äã‚Äã‚Äã‚Äã –ë–∞—Ä—Å–µ–ª–æ–Ω–∞ (–ò—Å–ø–∞–Ω–∏—è),
‚Äã‚Äã‚Äã‚Äã‚Äã‚Äã‚Äãüá¨üáß –õ–æ–Ω–¥–æ–Ω (–í–µ–ª–∏–∫–æ–±—Ä–∏—Ç–∞–Ω–∏—è).

–°–æ–≥–ª–∞—Å–Ω—ã?"
@aviasales,https://t.me/aviasales/8443,2023-12-18 11:30:24,"12 —Å—Ç—Ä–∞–Ω, –∫—É–¥–∞ –º–æ–∂–Ω–æ –±—É–¥–µ—Ç –ø–æ–µ—Ö–∞—Ç—å –Ω–∞ –º–æ—Ä–µ —ç—Ç–æ–π –∑–∏–º–æ–π. 
 
–í–æ—Ç —Ç–∞–∫—É—é –ø–æ–¥–±–æ—Ä–∫—É –º—ã —Å–æ–±—Ä–∞–ª–∏ –≤ –ü–°–ñ–†. –¢–∞–º —Ç–µ–ø–ª–æ, —Å–≤–µ–∂–∏–µ —Ñ—Ä—É–∫—Ç—ã, —à–≤–µ–¥—Å–∫–∏–π —Å—Ç–æ–ª, —Ä–∞–∫—É—à–∫–∏ –≤ –º–æ—Ä–µ, –∫–æ–∫–æ—Å—ã –Ω–∞ –ø–∞–ª—å–º–∞—Ö. –ì–¥–µ-—Ç–æ —Ç—É—Å–æ–≤–∫–∏, –≥–¥–µ-—Ç–æ –ø–æ—Å–ø–æ–∫–æ–π–Ω–µ–µ. –ü—Ä–æ –∫–∞–∂–¥—É—é —Å—Ç—Ä–∞–Ω—É —Ä–∞—Å–ø–∏—Å–∞–ª–∏ –≤–∫—Ä–∞—Ç—Ü–µ. 
 
–ß–∏—Ç–∞–π—Ç–µ –≤–æ—Ç —Ç—É—Ç: https://i.avs.io/LtnIl1bo"
@aviasales,https://t.me/aviasales/8441,2023-12-18 06:36:29,–ó–∞—á–µ–º –≤–æ–æ–±—â–µ –ø—Ä–∏–¥—É–º–∞–ª–∏ –ø–æ–Ω–µ–¥–µ–ª—å–Ω–∏–∫–∏? –£ –∫–æ–≥–æ-–Ω–∏–±—É–¥—å –µ—Å—Ç—å –æ—Ç–≤–µ—Ç?
@aviasales,https://t.me/aviasales/8440,2023-12-17 13:34:01,"–î–æ—Ä–æ–≥–∏–µ –∞–≤–∏–∞–±–∏–ª–µ—Ç—ã? –î–∞ –∏–¥–∏—Ç–µ –≤ –±–∞–Ω—é! 
 
–í–æ—Ç –≤–∞–º 8 –ª—É—á—à–∏—Ö –±–∞–Ω—å –ú–æ—Å–∫–≤—ã –¥–ª—è –æ—Ç–¥—ã—Ö–∞ –≤ –æ–¥–∏–Ω–æ—á–µ—Å—Ç–≤–µ –∏–ª–∏ —Å –¥—Ä—É–∑—å—è–º–∏. 
 
i.avs.io/RE3XZL_z"
@aviasales,https://t.me/aviasales/8439,2023-12-17 09:52:10,"–ü—Ä–∏–∑–Ω–∞–≤–∞–π—Ç–µ—Å—å, –∫—Ç–æ –º–µ—á—Ç–∞–µ—Ç, —á—Ç–æ–±—ã —É–∂–µ –ø–æ—Å–∫–æ—Ä–µ–µ –Ω–∞—Å—Ç—É–ø–∏–ª–∞ —ç—Ç–∞ –æ—Ä–∞–Ω–∂–µ–≤–∞—è –ø—Ä–∏—è—Ç–Ω–∞—è –Ω–µ–¥–µ–ª—è –≤—ã—Ö–æ–¥–Ω—ã—Ö –≤ –Ω–∞—á–∞–ª–µ —è–Ω–≤–∞—Ä—è?

–¢–µ, –∫—Ç–æ —Ä–∞–±–æ—Ç–∞–µ—Ç –≤ —è–Ω–≤–∞—Ä—Å–∫–∏–µ ‚Äî –≤–∞–º –ø–æ–¥–¥–µ—Ä–∂–∫–∞. –ó–∞—Ç–æ –≤—ã –±—É–¥–µ—Ç–µ –±–æ–≥–∞—á–µ –≤—Å–µ—Ö –Ω–∞—Å."
@aviasales,https://t.me/aviasales/8436,2023-12-16 14:29:01,"–ê –≤–æ—Ç –≤–∞–º 6 –Ω–µ—Å–∫—É—á–Ω—ã—Ö –∏–¥–µ–π –¥–ª—è —Ç—É—Ä–∏—Å—Ç–æ–≤ –≤ –ü–µ—Ç–µ—Ä–±—É—Ä–≥–µ. 
 
–≠–∫—Å–∫—É—Ä—Å–∏–∏, —Å–∫—É–ª—å–ø—Ç—É—Ä—ã, —Ä—é–º–æ—á–Ω—ã–µ.

–ö–æ—Ä–æ—á–µ, –ø–æ–ª–Ω—ã–π –Ω–∞–±–æ—Ä, –Ω–µ–æ–±—Ö–æ–¥–∏–º—ã–π –¥–ª—è –ø–æ–ª–Ω–æ—Ü–µ–Ω–Ω–æ–≥–æ —Ä–∞–∑–≤–∏—Ç–∏—è –∫—É–ª—å—Ç—É—Ä–Ω–æ–π –ª–∏—á–Ω–æ—Å—Ç–∏: https://i.avs.io/sp6OrIp9"
@aviasales,https://t.me/aviasales/8432,2023-12-16 09:54:01,"–ö–æ–Ω—á–∏–∫ —è–∑—ã–∫–∞ —Å–æ–≤–µ—Ä—à–∞–µ—Ç –ø—É—Ç—å –≤ —Ç—Ä–∏ —à–∞–∂–∫–∞ –≤–Ω–∏–∑ –ø–æ –Ω—ë–±—É, —á—Ç–æ–±—ã –Ω–∞ —Ç—Ä–µ—Ç—å–µ–º —Ç–æ–ª–∫–Ω—É—Ç—å—Å—è –æ –∑—É–±—ã: ¬´–®–µ —Ä–µ –≥–µ—à¬ª. 
 
–®–µ—Ä–µ–≥–µ—à ‚Äî –ø—Ä–∏—è—Ç–Ω–µ–π—à–∞—è –≥–æ—Ä–Ω–æ–ª—ã–∂–∫–∞ –≤ –ö–µ–º–µ—Ä–æ–≤—Å–∫–æ–π –æ–±–ª–∞—Å—Ç–∏. 
 
–¢–∞–º –º–æ–∂–Ω–æ –ø–æ–∫–∞—Ç–∞—Ç—å—Å—è —Å –≤–∏–¥–æ–º –Ω–∞ –°–∏–±–∏—Ä—Å–∫–∏–µ –≥–æ—Ä—ã, –ø–æ–≥—Ä–µ—Ç—å—Å—è –≤ –º–æ–∂–∂–µ–≤–µ–ª–æ–≤–æ–π –±–∞–Ω–µ, –ø–æ–ª—é–±–æ–≤–∞—Ç—å—Å—è –∑–≤—ë–∑–¥–∞–º–∏, –ª—ë–∂–∞ –≤ –ø—Ä–æ–∑—Ä–∞—á–Ω–æ–º –±—É–Ω–≥–∞–ª–æ –≤ —Ç–∞—ë–∂–Ω–æ–º –ª–µ—Å—É, —Å—Ö–æ–¥–∏—Ç—å –≤ –ê–∑–∞—Å—Å–∫—É—é –ø–µ—â–µ—Ä—É —Å–æ —Å—Ç–∞–ª–∞–≥–º–∏—Ç–∞–º–∏, –≥–¥–µ, –ø–æ —Å–ª—É—Ö–∞–º, –∂–∏–≤—ë—Ç –ï–≥–æ—Ä –õ–µ—Ç–æ–≤. 
 
–ö–æ—Ä–æ—á–µ, —Ç–æ, —á—Ç–æ –Ω—É–∂–Ω–æ –≤–∞–º ‚Äî –ª—é–±–æ–∑–Ω–∞—Ç–µ–ª—å–Ω—ã–º –∏ –º–æ–ª–æ–¥—ã–º. 
–ê –µ—Å–ª–∏ –≤—ã —É–∂ –æ—á–µ–Ω—å –ª—é–±–æ–∑–Ω–∞—Ç–µ–ª—å–Ω—ã–π, —Ç–æ –ø–µ—Ä–µ—Ö–æ–¥–∏—Ç–µ –≤ –Ω–∞—à —Å–ª–æ–π —Å –≥–æ—Ä–Ω–æ–ª—ã–∂–∫–∞–º–∏ –≤ ¬´–ö–æ—Ä–æ—á–µ¬ª. 
 
–¢–∞–º 13 –≥–æ—Ä–Ω–æ–ª—ã–∂–Ω—ã—Ö –∫—É—Ä–æ—Ä—Ç–æ–≤ —Å –ø–æ–¥–±–æ—Ä–∫–æ–π –∏–Ω—Ç–µ—Ä–µ—Å–Ω—ã—Ö –∏ –ø–æ–ª–µ–∑–Ω—ã—Ö –ª–æ–∫–∞—Ü–∏–π –∏ —Å–æ–≤–µ—Ç–æ–≤ –æ—Ç –º–µ—Å—Ç–Ω—ã—Ö –∏–Ω—Å—Ç—Ä—É–∫—Ç–æ—Ä–æ–≤. 
 
–í–æ—Ç —Ç—É—Ç –æ–Ω–∏ –≤—Å–µ."
@aviasales,https://t.me/aviasales/8431,2023-12-15 12:42:43,"–ó–Ω–∞–µ—Ç–µ, —á—Ç–æ —Å–∞–º–æ–µ –∏–Ω—Ç–µ—Ä–µ—Å–Ω–æ–µ –º–æ–∂–Ω–æ —É–≤–∏–¥–µ—Ç—å –≤ –ø—É—Ç–µ—à–µ—Å—Ç–≤–∏–∏? 
 
–ì–ª—É–±–æ–∫–∏–π –∑–¥–æ—Ä–æ–≤—ã–π 12-—á–∞—Å–æ–≤–æ–π —Å–æ–Ω –Ω–∞ –º—è–≥–∫–æ–π –ø—Ä–æ—Å—Ç—ã–Ω–µ, –≤–æ–∑–¥—É—à–Ω–æ–º –º–∞—Ç—Ä–∞—Å–µ, –ø–æ–¥ —ç–≤–∫–∞–ª–∏–ø—Ç–æ–≤—ã–º –æ–¥–µ—è–ª–æ–º –∏ –≤ –ø–æ–ª–Ω–æ–π —Ç–∏—à–∏–Ω–µ. 
 
–í–æ—Ç –≤–∞–º –ø–æ–¥–±–æ—Ä–∫–∞ –º–µ—Å—Ç, –∫–æ—Ç–æ—Ä—ã–µ —ç—Ç–æ –æ–±–µ—Å–ø–µ—á–∞—Ç. –¢–∞–º –π–æ–≥–∞, –º–µ–¥–∏—Ç–∞—Ü–∏—è, —ç—Ñ–∏—Ä–Ω—ã–µ –º–∞—Å–ª–∞, –º–∞—Å—Å–∞–∂–∏, –º–µ–Ω—é –ø–æ–¥—É—à–µ–∫ –∏ —Ç–¥. 
 
–ß–∏—Ç–∞–π—Ç–µ –≤ –ü–°–ñ–†: i.avs.io/axuYoKA0"
@aviasales,https://t.me/aviasales/8430,2023-12-15 11:58:06,–°–æ–≤–µ—Ç: –∫—É–ø–∏—Ç–µ –ø–æ–¥–∞—Ä–∫–∏ –±–ª–∏–∑–∫–∏–º –Ω–∞ —ç—Ç–∏—Ö –≤—ã—Ö–æ–¥–Ω—ã—Ö
@aviasales,https://t.me/aviasales/8429,2023-12-15 10:28:53,"üá´üáÆ –§–∏–Ω–ª—è–Ω–¥–∏—è —Å —Å–µ–≥–æ–¥–Ω—è—à–Ω–µ–≥–æ –¥–Ω—è —Å–Ω–æ–≤–∞ –∑–∞–∫—Ä—ã–≤–∞–µ—Ç –≤—Å–µ –ø–æ–≥—Ä–∞–Ω–ø–µ—Ä–µ—Ö–æ–¥—ã —Å –†–æ—Å—Å–∏–µ–π.

–ó–∞ –æ–¥–∏–Ω –¥–µ–Ω—å, —á—Ç–æ –±—ã–ª–∏ –æ—Ç–∫—Ä—ã—Ç—ã –¥–≤–∞ –ø–æ–≥—Ä–∞–Ω–ø–µ—Ä–µ—Ö–æ–¥–∞, 62 —á–µ–ª–æ–≤–µ–∫–∞ –∏–∑ —Å—Ç—Ä–∞–Ω –ë–ª–∏–∂–Ω–µ–≥–æ –í–æ—Å—Ç–æ–∫–∞ –ø–æ–ø—Ä–æ—Å–∏–ª–∏ —É–±–µ–∂–∏—â–µ –Ω–∞ –≥—Ä–∞–Ω–∏—Ü–µ. –ü–æ—ç—Ç–æ–º—É –§–∏–Ω–ª—è–Ω–¥–∏—è –ø—Ä–∏–Ω—è–ª–∞ —Ä–µ—à–µ–Ω–∏–µ —Å–Ω–æ–≤–∞ –∑–∞–∫—Ä—ã—Ç—å –ö–ü–ü.

@aviasales"
@aviasales,https://t.me/aviasales/8428,2023-12-15 08:20:00,"–£—Ä–∞, –ø—Ä—è–º—ã–µ —Ä–µ–π—Å—ã –≤–æ –í—å–µ—Ç–Ω–∞–º!

üáªüá≥ ¬´–ê—ç—Ä–æ—Ñ–ª–æ—Ç¬ª —Å 31 —è–Ω–≤–∞—Ä—è –≤–æ–∑–æ–±–Ω–æ–≤–ª—è–µ—Ç –ø—Ä—è–º—ã–µ —Ä–µ–π—Å—ã –∏–∑ –ú–æ—Å–∫–≤—ã –≤ –•–æ—à–∏–º–∏–Ω.  

–õ–µ—Ç–∞—Ç—å –±—É–¥—É—Ç –Ω–∞ Boeing 777-300 ER –¥–≤–∞ —Ä–∞–∑–∞ –≤ –Ω–µ–¥–µ–ª—é ‚Äî –ø–æ —Å—Ä–µ–¥–∞–º –∏ –≤–æ—Å–∫—Ä–µ—Å–µ–Ω—å—è–º. 

–†–æ—Å—Å–∏—è–Ω–µ –º–æ–≥—É—Ç –Ω–∞—Ö–æ–¥–∏—Ç—å—Å—è –≤ —Å—Ç—Ä–∞–Ω–µ –±–µ–∑ –≤–∏–∑—ã –¥–æ 45 –¥–Ω–µ–π.

–û—Ç–∫—Ä—ã—Ç—å –¥–ª—è —Å–µ–±—è –•–æ—à–∏–º–∏–Ω —Å –µ–≥–æ –ª—É—á—à–∏—Ö —Å—Ç–æ—Ä–æ–Ω –ø–æ–º–æ–∂–µ—Ç –Ω–∞—à –≥–∏–¥ ¬´–ö–æ—Ä–æ—á–µ, –•–æ—à–∏–º–∏–Ω¬ª, –ø–æ–ª—å–∑—É–π—Ç–µ—Å—å!

@aviasales"
@aviasales,https://t.me/aviasales/8427,2023-12-15 07:18:50,"üá™üá∏ –í–∏–∑–æ–≤—ã–µ —Ü–µ–Ω—Ç—Ä—ã –ò—Å–ø–∞–Ω–∏–∏ BLS International –≤ –ú–æ—Å–∫–≤–µ –∏ –°–∞–Ω–∫—Ç-–ü–µ—Ç–µ—Ä–±—É—Ä–≥–µ —Ç–µ–ø–µ—Ä—å –ø—Ä–∏–Ω–∏–º–∞—é—Ç –¥–æ–∫—É–º–µ–Ω—Ç—ã –±–µ–∑ –ø—Ä–µ–¥–≤–∞—Ä–∏—Ç–µ–ª—å–Ω–æ–π –∑–∞–ø–∏—Å–∏

–° 9:00 –¥–æ 14:00 –≤ –±—É–¥–Ω–∏ (–∫—Ä–æ–º–µ –ø—Ä–∞–∑–¥–Ω–∏—á–Ω—ã—Ö –¥–Ω–µ–π) –º–æ–∂–Ω–æ –ø—Ä–∏–π—Ç–∏ –∏ –ø–æ–¥–∞—Ç—å –¥–æ–∫—É–º–µ–Ω—Ç—ã –Ω–∞ –≤–∏–∑—É.

‚ùóÔ∏è –ó–∞—è–≤–∏—Ç–µ–ª–∏ —Å –ø—Ä–µ–¥–≤–∞—Ä–∏—Ç–µ–ª—å–Ω–æ–π –∑–∞–ø–∏—Å—å—é –±—É–¥—É—Ç –ø—Ä–∏–Ω—è—Ç—ã —Ä–∞–Ω—å—à–µ, —á–µ–º –∑–∞—è–≤–∏—Ç–µ–ª–∏, –ø—Ä–∏—à–µ–¥—à–∏–µ –±–µ–∑ –ø—Ä–µ–¥–≤–∞—Ä–∏—Ç–µ–ª—å–Ω–æ–π –∑–∞–ø–∏—Å–∏

–ö–∞–∫–∏–µ –¥–æ–∫—É–º–µ–Ω—Ç—ã –Ω—É–∂–Ω—ã –¥–ª—è —Ç—É—Ä–∏—Å—Ç–∏—á–µ—Å–∫–æ–π –≤–∏–∑—ã –≤ –ò—Å–ø–∞–Ω–∏—é, —á–∏—Ç–∞–π—Ç–µ –≤ –ü–°–ñ–†: i.avs.io/wHnG_SNr

–ö—Ç–æ –Ω–µ–¥–∞–≤–Ω–æ –ø–æ–ª—É—á–∞–ª –∏—Å–ø–∞–Ω—Å–∫–∏–π —à–µ–Ω–≥–µ–Ω, –Ω–∞–ø–∏—à–∏—Ç–µ, –Ω–∞ –∫–∞–∫–æ–π —Å—Ä–æ–∫ –¥–∞–ª–∏ üëá

@aviasales"
@aviasales,https://t.me/aviasales/8422,2023-12-14 14:05:00,"–ö—É–Ω–≥—É—Ä—Å–∫–∞—è –ø–µ—â–µ—Ä–∞, –ü–µ—Ä–º—Å–∫–∏–π –∫—Ä–∞–π.

–î–ª–∏–Ω–∞ –µ—ë –ø–æ—á—Ç–∏ 6 –∫–º. –í–Ω—É—Ç—Ä–∏ —á–∏—Å—Ç–µ–π—à–∏–µ –æ–∑–µ—Ä–∞, –∫—Ä–∞—Å–∏–≤—ã–µ –ª—å–¥—ã—à–∫–∏, —Ä–∞–∑–Ω–æ—Ü–≤–µ—Ç–Ω–∞—è –ø–æ–¥—Å–≤–µ—Ç–∫–∞. –°–∫–∞–∑–∫–∞, –ø–µ—Å–Ω—è. –í—ã —á—Ç–æ –≤—Å—ë –µ—â—ë –∑–¥–µ—Å—å?

–õ–µ—Ç–∏—Ç–µ –≤ –ü–µ—Ä–º—å. –ü–æ—Ç–æ–º —Å –∞–≤—Ç–æ—Å—Ç–∞–Ω—Ü–∏–∏ ¬´–Æ–∂–Ω–∞—è¬ª –Ω–∞ –∞–≤—Ç–æ–±—É—Å–µ –≤ –ö—É–Ω–≥—É—Ä 2 —á–∞—Å–∞. –ò–ª–∏ —Å –≤–æ–∫–∑–∞–ª–∞ ¬´–ü–µ—Ä–º—å II¬ª –Ω–∞ –ø–æ–µ–∑–¥–µ –∏–ª–∏ —ç–ª–µ–∫—Ç—Ä–∏—á–∫–µ.
–ë—É–¥–µ—Ç —á—Ç–æ —Ö–æ—Ç—å –≤–Ω—É–∫–∞–º —Ä–∞—Å—Å–∫–∞–∑–∞—Ç—å."
